Formulation,n,r_min,r_max,Instance,Status,Gap,Time,Cuts
ABF,10,0.25,0.25,0,Suboptimal,0.01774559,20.23,0
ABF,10,0.25,0.25,1,Optimal,9.705e-05,0.44,0
ABF,10,0.25,0.25,2,Optimal,0.0,189.89,0
ABF,10,0.25,0.25,3,Optimal,7.506e-05,4.66,0
ABF,10,0.25,0.25,4,Optimal,4.934e-05,3.17,0
ABF,10,0.2,0.3,0,Optimal,1.765e-05,11.34,0
ABF,10,0.2,0.3,1,Optimal,4.478e-05,0.54,0
ABF,10,0.2,0.3,2,Optimal,8.44e-05,6.33,0
ABF,10,0.2,0.3,3,Optimal,7.991e-05,5.46,0
ABF,10,0.2,0.3,4,Optimal,0.0,2.98,0
ABF,10,0.125,0.375,0,Optimal,9.433e-05,9.4,0
ABF,10,0.125,0.375,1,Optimal,1.959e-05,8.78,0
ABF,10,0.125,0.375,2,Optimal,9.492e-05,4.18,0
ABF,10,0.125,0.375,3,Optimal,7.414e-05,0.85,0
ABF,10,0.125,0.375,4,Optimal,7.41e-06,4.38,0
ABF,10,0.5,0.5,0,Suboptimal,0.01874014,64.05,0
ABF,10,0.5,0.5,1,Optimal,4.502e-05,24.39,0
ABF,10,0.5,0.5,2,Optimal,0.0,12.73,0
ABF,10,0.5,0.5,3,Optimal,9.514e-05,16.23,0
ABF,10,0.5,0.5,4,Suboptimal,0.19167653,377.21,0
ABF,10,0.4,0.6,0,Optimal,6.958e-05,17.03,0
ABF,10,0.4,0.6,1,Optimal,6.708e-05,31.13,0
ABF,10,0.4,0.6,2,Optimal,3.476e-05,4.65,0
ABF,10,0.4,0.6,3,Optimal,7.765e-05,34.18,0
ABF,10,0.4,0.6,4,Suboptimal,0.16416313,348.74,0
ABF,10,0.25,0.75,0,Optimal,7.331e-05,25.39,0
ABF,10,0.25,0.75,1,Suboptimal,0.06835994,518.12,0
ABF,10,0.25,0.75,2,Optimal,4.287e-05,1.24,0
ABF,10,0.25,0.75,3,Suboptimal,0.10636379,509.27,0
ABF,10,0.25,0.75,4,Optimal,0.0,17.95,0
ABF,10,1.0,1.0,0,Suboptimal,0.02666598,447.55,0
ABF,10,1.0,1.0,1,Suboptimal,0.04759285,122.14,0
ABF,10,1.0,1.0,2,Time_limit,0.13833076,600.14,0
ABF,10,1.0,1.0,3,Suboptimal,0.07070234,475.07,0
ABF,10,1.0,1.0,4,Optimal,3.209e-05,13.39,0
ABF,10,0.8,1.2,0,Suboptimal,0.00337951,76.28,0
ABF,10,0.8,1.2,1,Time_limit,0.53486962,600.15,0
ABF,10,0.8,1.2,2,Optimal,1.667e-05,18.48,0
ABF,10,0.8,1.2,3,Suboptimal,0.01359322,50.75,0
ABF,10,0.8,1.2,4,Suboptimal,0.15154533,199.72,0
ABF,10,0.5,1.5,0,Optimal,2.541e-05,25.1,0
ABF,10,0.5,1.5,1,Suboptimal,0.04789603,153.56,0
ABF,10,0.5,1.5,2,Optimal,8.197e-05,6.4,0
ABF,10,0.5,1.5,3,Time_limit,0.54013586,600.04,0
ABF,10,0.5,1.5,4,Suboptimal,0.10466916,98.02,0
ABF-D,10,0.25,0.25,0,Optimal,0.0,1.09,176
ABF-D,10,0.25,0.25,1,Optimal,0.0,0.23,28
ABF-D,10,0.25,0.25,2,Optimal,0.0,0.21,32
ABF-D,10,0.25,0.25,3,Optimal,0.0,0.35,66
ABF-D,10,0.25,0.25,4,Optimal,0.0,0.13,14
ABF-D,10,0.2,0.3,0,Optimal,0.0,1.28,204
ABF-D,10,0.2,0.3,1,Optimal,0.0,0.19,28
ABF-D,10,0.2,0.3,2,Optimal,0.0,0.25,32
ABF-D,10,0.2,0.3,3,Optimal,0.0,0.3,54
ABF-D,10,0.2,0.3,4,Optimal,0.0,0.16,14
ABF-D,10,0.125,0.375,0,Optimal,0.0,1.31,234
ABF-D,10,0.125,0.375,1,Optimal,0.0,0.22,30
ABF-D,10,0.125,0.375,2,Optimal,0.0,0.17,26
ABF-D,10,0.125,0.375,3,Optimal,0.0,0.36,54
ABF-D,10,0.125,0.375,4,Optimal,0.0,0.1,12
ABF-D,10,0.5,0.5,0,Optimal,0.0,4.86,836
ABF-D,10,0.5,0.5,1,Optimal,0.0,0.97,174
ABF-D,10,0.5,0.5,2,Optimal,0.0,1.38,266
ABF-D,10,0.5,0.5,3,Optimal,0.0,2.09,414
ABF-D,10,0.5,0.5,4,Optimal,0.0,0.38,44
ABF-D,10,0.4,0.6,0,Optimal,0.0,5.67,990
ABF-D,10,0.4,0.6,1,Optimal,0.0,0.92,146
ABF-D,10,0.4,0.6,2,Optimal,0.0,1.09,178
ABF-D,10,0.4,0.6,3,Optimal,0.0,2.07,382
ABF-D,10,0.4,0.6,4,Optimal,0.0,0.48,44
ABF-D,10,0.25,0.75,0,Optimal,0.0,6.64,1204
ABF-D,10,0.25,0.75,1,Optimal,0.0,0.81,130
ABF-D,10,0.25,0.75,2,Optimal,0.0,0.54,96
ABF-D,10,0.25,0.75,3,Optimal,0.0,1.76,342
ABF-D,10,0.25,0.75,4,Optimal,0.0,0.41,44
ABF-D,10,1.0,1.0,0,Optimal,0.0,39.82,4994
ABF-D,10,1.0,1.0,1,Optimal,0.0,40.78,5596
ABF-D,10,1.0,1.0,2,Optimal,0.0,41.55,5440
ABF-D,10,1.0,1.0,3,Optimal,0.0,35.96,4596
ABF-D,10,1.0,1.0,4,Optimal,0.0,1.31,186
ABF-D,10,0.8,1.2,0,Optimal,0.0,53.44,6056
ABF-D,10,0.8,1.2,1,Optimal,0.0,32.64,4504
ABF-D,10,0.8,1.2,2,Optimal,0.0,20.66,3312
ABF-D,10,0.8,1.2,3,Optimal,0.0,35.58,4612
ABF-D,10,0.8,1.2,4,Optimal,0.0,1.35,184
ABF-D,10,0.5,1.5,0,Optimal,0.0,83.49,8690
ABF-D,10,0.5,1.5,1,Optimal,0.0,26.86,3832
ABF-D,10,0.5,1.5,2,Optimal,0.0,7.38,1298
ABF-D,10,0.5,1.5,3,Optimal,0.0,36.56,4724
ABF-D,10,0.5,1.5,4,Optimal,0.0,1.29,184
ABF-A,10,0.25,0.25,0,Optimal,0.00352943,1.32,0
ABF-A,10,0.25,0.25,1,Optimal,0.01338821,0.72,0
ABF-A,10,0.25,0.25,2,Optimal,0.00604763,0.95,0
ABF-A,10,0.25,0.25,3,Optimal,0.00790046,1.03,0
ABF-A,10,0.25,0.25,4,Optimal,0.00946703,0.58,0
ABF-A,10,0.2,0.3,0,Optimal,0.00399773,1.3,0
ABF-A,10,0.2,0.3,1,Optimal,0.01391649,0.76,0
ABF-A,10,0.2,0.3,2,Optimal,0.00523721,0.86,0
ABF-A,10,0.2,0.3,3,Optimal,0.00829456,0.79,0
ABF-A,10,0.2,0.3,4,Optimal,0.00963698,0.57,0
ABF-A,10,0.125,0.375,0,Optimal,0.00503374,1.93,0
ABF-A,10,0.125,0.375,1,Optimal,0.01425434,0.79,0
ABF-A,10,0.125,0.375,2,Optimal,0.00370785,0.88,0
ABF-A,10,0.125,0.375,3,Optimal,0.00914981,0.84,0
ABF-A,10,0.125,0.375,4,Optimal,0.0104241,0.58,0
ABF-A,10,0.5,0.5,0,Optimal,0.00750779,4.35,0
ABF-A,10,0.5,0.5,1,Optimal,0.01602385,2.61,0
ABF-A,10,0.5,0.5,2,Optimal,0.007263,2.7,0
ABF-A,10,0.5,0.5,3,Optimal,0.01088871,4.28,0
ABF-A,10,0.5,0.5,4,Optimal,0.00667213,1.39,0
ABF-A,10,0.4,0.6,0,Optimal,0.01090767,5.33,0
ABF-A,10,0.4,0.6,1,Optimal,0.01658969,2.86,0
ABF-A,10,0.4,0.6,2,Optimal,0.00649008,2.77,0
ABF-A,10,0.4,0.6,3,Optimal,0.0111802,4.27,0
ABF-A,10,0.4,0.6,4,Optimal,0.00761373,1.32,0
ABF-A,10,0.25,0.75,0,Optimal,0.00894217,4.45,0
ABF-A,10,0.25,0.75,1,Optimal,0.01371034,2.43,0
ABF-A,10,0.25,0.75,2,Optimal,0.0056248,1.75,0
ABF-A,10,0.25,0.75,3,Optimal,0.00960464,4.71,0
ABF-A,10,0.25,0.75,4,Optimal,0.00999975,1.14,0
ABF-A,10,1.0,1.0,0,Optimal,0.00983248,10.38,0
ABF-A,10,1.0,1.0,1,Optimal,0.01089033,14.17,0
ABF-A,10,1.0,1.0,2,Optimal,0.01002932,8.32,0
ABF-A,10,1.0,1.0,3,Optimal,0.00583747,13.36,0
ABF-A,10,1.0,1.0,4,Optimal,0.00814944,2.82,0
ABF-A,10,0.8,1.2,0,Optimal,0.01260778,10.5,0
ABF-A,10,0.8,1.2,1,Optimal,0.01368425,12.84,0
ABF-A,10,0.8,1.2,2,Optimal,0.0080159,9.39,0
ABF-A,10,0.8,1.2,3,Optimal,0.00487059,15.35,0
ABF-A,10,0.8,1.2,4,Optimal,0.00879629,2.37,0
ABF-A,10,0.5,1.5,0,Optimal,0.0144059,13.51,0
ABF-A,10,0.5,1.5,1,Optimal,0.01296985,11.16,0
ABF-A,10,0.5,1.5,2,Optimal,0.00961346,6.06,0
ABF-A,10,0.5,1.5,3,Optimal,0.00595741,14.22,0
ABF-A,10,0.5,1.5,4,Optimal,0.00806849,2.33,0
ABF-A-D,10,0.25,0.25,0,Optimal,0.0,2.43,138
ABF-A-D,10,0.25,0.25,1,Optimal,0.0,1.12,38
ABF-A-D,10,0.25,0.25,2,Optimal,0.0,0.98,32
ABF-A-D,10,0.25,0.25,3,Optimal,0.0,1.1,30
ABF-A-D,10,0.25,0.25,4,Optimal,0.0,0.47,10
ABF-A-D,10,0.2,0.3,0,Optimal,0.0,2.05,60
ABF-A-D,10,0.2,0.3,1,Optimal,0.0,1.05,10
ABF-A-D,10,0.2,0.3,2,Optimal,0.0,0.8,10
ABF-A-D,10,0.2,0.3,3,Optimal,0.0,1.25,34
ABF-A-D,10,0.2,0.3,4,Optimal,0.0,0.48,10
ABF-A-D,10,0.125,0.375,0,Optimal,0.0,2.75,94
ABF-A-D,10,0.125,0.375,1,Optimal,0.0,1.02,34
ABF-A-D,10,0.125,0.375,2,Optimal,0.0,0.59,12
ABF-A-D,10,0.125,0.375,3,Optimal,0.0,0.97,18
ABF-A-D,10,0.125,0.375,4,Optimal,0.0,0.38,8
ABF-A-D,10,0.5,0.5,0,Optimal,0.0,6.2,26
ABF-A-D,10,0.5,0.5,1,Optimal,0.0,3.6,48
ABF-A-D,10,0.5,0.5,2,Optimal,0.0,3.13,14
ABF-A-D,10,0.5,0.5,3,Optimal,0.0,6.77,272
ABF-A-D,10,0.5,0.5,4,Optimal,0.0,1.12,12
ABF-A-D,10,0.4,0.6,0,Optimal,0.0,5.86,24
ABF-A-D,10,0.4,0.6,1,Optimal,0.0,5.16,106
ABF-A-D,10,0.4,0.6,2,Optimal,0.0,1.85,28
ABF-A-D,10,0.4,0.6,3,Optimal,0.0,5.32,50
ABF-A-D,10,0.4,0.6,4,Optimal,0.0,1.08,10
ABF-A-D,10,0.25,0.75,0,Optimal,0.0,7.52,88
ABF-A-D,10,0.25,0.75,1,Optimal,0.0,3.42,10
ABF-A-D,10,0.25,0.75,2,Optimal,0.0,1.42,12
ABF-A-D,10,0.25,0.75,3,Optimal,0.0,4.41,76
ABF-A-D,10,0.25,0.75,4,Optimal,0.0,1.2,10
ABF-A-D,10,1.0,1.0,0,Optimal,0.0,14.71,72
ABF-A-D,10,1.0,1.0,1,Optimal,0.0,14.33,24
ABF-A-D,10,1.0,1.0,2,Optimal,0.0,11.16,116
ABF-A-D,10,1.0,1.0,3,Optimal,0.0,14.79,92
ABF-A-D,10,1.0,1.0,4,Optimal,0.0,4.6,276
ABF-A-D,10,0.8,1.2,0,Optimal,0.0,13.3,82
ABF-A-D,10,0.8,1.2,1,Optimal,0.0,14.71,30
ABF-A-D,10,0.8,1.2,2,Optimal,0.0,9.5,58
ABF-A-D,10,0.8,1.2,3,Optimal,0.0,16.38,76
ABF-A-D,10,0.8,1.2,4,Optimal,0.0,1.86,12
ABF-A-D,10,0.5,1.5,0,Optimal,0.0,16.97,84
ABF-A-D,10,0.5,1.5,1,Optimal,0.0,11.76,18
ABF-A-D,10,0.5,1.5,2,Optimal,0.0,6.16,32
ABF-A-D,10,0.5,1.5,3,Optimal,0.0,16.03,22
ABF-A-D,10,0.5,1.5,4,Optimal,0.0,2.99,12
SBF,10,0.25,0.25,0,Optimal,7.686e-05,48.57,0
SBF,10,0.25,0.25,1,Optimal,2.423e-05,52.67,0
SBF,10,0.25,0.25,2,Optimal,3.029e-05,49.23,0
SBF,10,0.25,0.25,3,Optimal,0.0,47.2,0
SBF,10,0.25,0.25,4,Optimal,0.0,44.34,0
SBF,10,0.2,0.3,0,Optimal,2.267e-05,36.12,0
SBF,10,0.2,0.3,1,Optimal,1.961e-05,68.45,0
SBF,10,0.2,0.3,2,Optimal,0.0,45.93,0
SBF,10,0.2,0.3,3,Optimal,0.0,39.75,0
SBF,10,0.2,0.3,4,Optimal,9.387e-05,52.62,0
SBF,10,0.125,0.375,0,Time_limit,0.65013636,600.2,0
SBF,10,0.125,0.375,1,Optimal,9.62e-06,62.29,0
SBF,10,0.125,0.375,2,Optimal,3.164e-05,48.61,0
SBF,10,0.125,0.375,3,Optimal,0.0,46.15,0
SBF,10,0.125,0.375,4,Optimal,0.0,52.2,0
SBF,10,0.5,0.5,0,Optimal,0.0,58.87,0
SBF,10,0.5,0.5,1,Optimal,5.226e-05,53.46,0
SBF,10,0.5,0.5,2,Optimal,0.0,36.83,0
SBF,10,0.5,0.5,3,Optimal,0.0,50.12,0
SBF,10,0.5,0.5,4,Time_limit,0.52076796,600.34,0
SBF,10,0.4,0.6,0,Optimal,5.474e-05,26.64,0
SBF,10,0.4,0.6,1,Optimal,2.088e-05,28.3,0
SBF,10,0.4,0.6,2,Optimal,0.0,46.37,0
SBF,10,0.4,0.6,3,Optimal,0.0,58.0,0
SBF,10,0.4,0.6,4,Optimal,0.0,33.9,0
SBF,10,0.25,0.75,0,Optimal,7.214e-05,34.24,0
SBF,10,0.25,0.75,1,Optimal,4.139e-05,45.3,0
SBF,10,0.25,0.75,2,Optimal,0.0,49.57,0
SBF,10,0.25,0.75,3,Optimal,0.0,41.11,0
SBF,10,0.25,0.75,4,Optimal,0.0,29.97,0
SBF,10,1.0,1.0,0,Optimal,0.0,25.57,0
SBF,10,1.0,1.0,1,Optimal,0.0,30.05,0
SBF,10,1.0,1.0,2,Optimal,0.0,48.73,0
SBF,10,1.0,1.0,3,Optimal,6.84e-05,27.77,0
SBF,10,1.0,1.0,4,Optimal,0.0,188.53,0
SBF,10,0.8,1.2,0,Optimal,0.0,64.23,0
SBF,10,0.8,1.2,1,Optimal,7.188e-05,44.79,0
SBF,10,0.8,1.2,2,Optimal,0.0,41.92,0
SBF,10,0.8,1.2,3,Optimal,0.0,41.24,0
SBF,10,0.8,1.2,4,Optimal,0.0,9.45,0
SBF,10,0.5,1.5,0,Optimal,1.088e-05,29.34,0
SBF,10,0.5,1.5,1,Optimal,0.0,53.53,0
SBF,10,0.5,1.5,2,Optimal,0.0,40.63,0
SBF,10,0.5,1.5,3,Optimal,6.208e-05,48.64,0
SBF,10,0.5,1.5,4,Optimal,0.0,9.1,0
SBF-D-enum,10,0.25,0.25,0,Optimal,0.0,34.91,1414
SBF-D-enum,10,0.25,0.25,1,Optimal,0.0,151.01,2767
SBF-D-enum,10,0.25,0.25,2,Optimal,0.0,40.13,1395
SBF-D-enum,10,0.25,0.25,3,Optimal,0.0,27.55,1045
SBF-D-enum,10,0.25,0.25,4,Optimal,0.0,25.65,1049
SBF-D-enum,10,0.2,0.3,0,Optimal,0.0,30.77,1447
SBF-D-enum,10,0.2,0.3,1,Optimal,0.0,199.54,3396
SBF-D-enum,10,0.2,0.3,2,Optimal,0.0,21.38,773
SBF-D-enum,10,0.2,0.3,3,Optimal,0.0,19.22,715
SBF-D-enum,10,0.2,0.3,4,Optimal,0.0,26.47,1127
SBF-D-enum,10,0.125,0.375,0,Optimal,0.0,31.82,1373
SBF-D-enum,10,0.125,0.375,1,Optimal,0.0,156.89,3126
SBF-D-enum,10,0.125,0.375,2,Optimal,0.0,28.81,853
SBF-D-enum,10,0.125,0.375,3,Optimal,0.0,14.58,623
SBF-D-enum,10,0.125,0.375,4,Optimal,0.0,27.51,1131
SBF-D-enum,10,0.5,0.5,0,Optimal,0.0,25.11,1171
SBF-D-enum,10,0.5,0.5,1,Optimal,0.0,184.18,2865
SBF-D-enum,10,0.5,0.5,2,Optimal,0.0,30.1,998
SBF-D-enum,10,0.5,0.5,3,Optimal,0.0,29.59,1223
SBF-D-enum,10,0.5,0.5,4,Optimal,0.0,17.44,760
SBF-D-enum,10,0.4,0.6,0,Optimal,0.0,37.01,1556
SBF-D-enum,10,0.4,0.6,1,Optimal,0.0,202.42,3129
SBF-D-enum,10,0.4,0.6,2,Optimal,0.0,44.24,1204
SBF-D-enum,10,0.4,0.6,3,Optimal,0.0,18.12,843
SBF-D-enum,10,0.4,0.6,4,Optimal,0.0,45.49,1734
SBF-D-enum,10,0.25,0.75,0,Optimal,0.0,35.51,1603
SBF-D-enum,10,0.25,0.75,1,Optimal,0.0,158.91,2772
SBF-D-enum,10,0.25,0.75,2,Optimal,0.0,25.59,844
SBF-D-enum,10,0.25,0.75,3,Optimal,0.0,17.58,733
SBF-D-enum,10,0.25,0.75,4,Optimal,0.0,39.93,1577
SBF-D-enum,10,1.0,1.0,0,Optimal,0.0,53.77,1903
SBF-D-enum,10,1.0,1.0,1,Optimal,0.0,354.33,4850
SBF-D-enum,10,1.0,1.0,2,Optimal,0.0,63.64,1633
SBF-D-enum,10,1.0,1.0,3,Optimal,0.0,29.55,1193
SBF-D-enum,10,1.0,1.0,4,Optimal,0.0,9.34,645
SBF-D-enum,10,0.8,1.2,0,Optimal,0.0,46.17,1726
SBF-D-enum,10,0.8,1.2,1,Optimal,0.0,350.4,4310
SBF-D-enum,10,0.8,1.2,2,Optimal,0.0,60.51,1410
SBF-D-enum,10,0.8,1.2,3,Optimal,0.0,37.71,1465
SBF-D-enum,10,0.8,1.2,4,Optimal,0.0,8.6,536
SBF-D-enum,10,0.5,1.5,0,Optimal,0.0,68.21,2477
SBF-D-enum,10,0.5,1.5,1,Optimal,0.0,347.35,4182
SBF-D-enum,10,0.5,1.5,2,Optimal,0.0,64.12,1477
SBF-D-enum,10,0.5,1.5,3,Optimal,0.0,39.12,1015
SBF-D-enum,10,0.5,1.5,4,Optimal,0.0,7.32,469
SBF-A,10,0.25,0.25,0,Optimal,0.00356684,1.74,0
SBF-A,10,0.25,0.25,1,Optimal,0.01339284,2.22,0
SBF-A,10,0.25,0.25,2,Optimal,0.00604966,1.81,0
SBF-A,10,0.25,0.25,3,Optimal,0.00792753,1.09,0
SBF-A,10,0.25,0.25,4,Optimal,0.00946473,0.73,0
SBF-A,10,0.2,0.3,0,Optimal,0.00401456,1.42,0
SBF-A,10,0.2,0.3,1,Optimal,0.01391648,1.82,0
SBF-A,10,0.2,0.3,2,Optimal,0.00522974,2.3,0
SBF-A,10,0.2,0.3,3,Optimal,0.00829456,0.9,0
SBF-A,10,0.2,0.3,4,Optimal,0.00962333,1.06,0
SBF-A,10,0.125,0.375,0,Optimal,0.00496289,1.72,0
SBF-A,10,0.125,0.375,1,Optimal,0.01425434,2.36,0
SBF-A,10,0.125,0.375,2,Optimal,0.00373236,1.52,0
SBF-A,10,0.125,0.375,3,Optimal,0.00916662,2.97,0
SBF-A,10,0.125,0.375,4,Optimal,0.01040366,3.05,0
SBF-A,10,0.5,0.5,0,Optimal,0.00750929,3.54,0
SBF-A,10,0.5,0.5,1,Optimal,0.01602897,2.81,0
SBF-A,10,0.5,0.5,2,Optimal,0.00727062,2.88,0
SBF-A,10,0.5,0.5,3,Optimal,0.01091887,1.91,0
SBF-A,10,0.5,0.5,4,Optimal,0.00667567,1.43,0
SBF-A,10,0.4,0.6,0,Optimal,0.01087563,2.1,0
SBF-A,10,0.4,0.6,1,Optimal,0.01658971,2.16,0
SBF-A,10,0.4,0.6,2,Optimal,0.00649006,2.61,0
SBF-A,10,0.4,0.6,3,Optimal,0.011185,1.87,0
SBF-A,10,0.4,0.6,4,Optimal,0.00753473,1.2,0
SBF-A,10,0.25,0.75,0,Optimal,0.00891309,1.87,0
SBF-A,10,0.25,0.75,1,Optimal,0.01371034,3.52,0
SBF-A,10,0.25,0.75,2,Optimal,0.00560862,3.0,0
SBF-A,10,0.25,0.75,3,Optimal,0.00961005,1.76,0
SBF-A,10,0.25,0.75,4,Optimal,0.00998354,1.45,0
SBF-A,10,1.0,1.0,0,Optimal,0.00980866,2.02,0
SBF-A,10,1.0,1.0,1,Optimal,0.01089766,2.45,0
SBF-A,10,1.0,1.0,2,Optimal,0.01003505,2.65,0
SBF-A,10,1.0,1.0,3,Optimal,0.00578651,1.51,0
SBF-A,10,1.0,1.0,4,Optimal,0.00821511,0.49,0
SBF-A,10,0.8,1.2,0,Optimal,0.01260653,2.37,0
SBF-A,10,0.8,1.2,1,Optimal,0.01367928,2.53,0
SBF-A,10,0.8,1.2,2,Optimal,0.00806616,3.06,0
SBF-A,10,0.8,1.2,3,Optimal,0.004874,2.06,0
SBF-A,10,0.8,1.2,4,Optimal,0.00885089,0.55,0
SBF-A,10,0.5,1.5,0,Optimal,0.01428086,2.98,0
SBF-A,10,0.5,1.5,1,Optimal,0.01300919,2.3,0
SBF-A,10,0.5,1.5,2,Optimal,0.00960317,2.3,0
SBF-A,10,0.5,1.5,3,Optimal,0.0058599,2.0,0
SBF-A,10,0.5,1.5,4,Optimal,0.00805183,0.39,0
SBF-A-D-enum,10,0.25,0.25,0,Optimal,0.0,5.5,180
SBF-A-D-enum,10,0.25,0.25,1,Optimal,0.0,5.88,152
SBF-A-D-enum,10,0.25,0.25,2,Optimal,0.0,10.55,540
SBF-A-D-enum,10,0.25,0.25,3,Optimal,0.0,7.03,284
SBF-A-D-enum,10,0.25,0.25,4,Optimal,0.0,4.72,156
SBF-A-D-enum,10,0.2,0.3,0,Optimal,0.0,8.1,318
SBF-A-D-enum,10,0.2,0.3,1,Optimal,0.0,6.74,120
SBF-A-D-enum,10,0.2,0.3,2,Optimal,0.0,5.56,194
SBF-A-D-enum,10,0.2,0.3,3,Optimal,0.0,4.53,126
SBF-A-D-enum,10,0.2,0.3,4,Optimal,0.0,7.42,482
SBF-A-D-enum,10,0.125,0.375,0,Optimal,0.0,5.63,236
SBF-A-D-enum,10,0.125,0.375,1,Optimal,0.0,7.27,242
SBF-A-D-enum,10,0.125,0.375,2,Optimal,0.0,6.42,98
SBF-A-D-enum,10,0.125,0.375,3,Optimal,0.0,3.72,100
SBF-A-D-enum,10,0.125,0.375,4,Optimal,0.0,4.24,68
SBF-A-D-enum,10,0.5,0.5,0,Optimal,0.0,4.3,170
SBF-A-D-enum,10,0.5,0.5,1,Optimal,0.0,4.8,40
SBF-A-D-enum,10,0.5,0.5,2,Optimal,0.0,4.96,112
SBF-A-D-enum,10,0.5,0.5,3,Optimal,0.0,4.08,164
SBF-A-D-enum,10,0.5,0.5,4,Optimal,0.0,4.29,114
SBF-A-D-enum,10,0.4,0.6,0,Optimal,0.0,4.65,170
SBF-A-D-enum,10,0.4,0.6,1,Optimal,0.0,5.58,150
SBF-A-D-enum,10,0.4,0.6,2,Optimal,0.0,5.6,58
SBF-A-D-enum,10,0.4,0.6,3,Optimal,0.0,5.96,460
SBF-A-D-enum,10,0.4,0.6,4,Optimal,0.0,4.14,100
SBF-A-D-enum,10,0.25,0.75,0,Optimal,0.0,7.79,220
SBF-A-D-enum,10,0.25,0.75,1,Optimal,0.0,6.25,194
SBF-A-D-enum,10,0.25,0.75,2,Optimal,0.0,6.13,82
SBF-A-D-enum,10,0.25,0.75,3,Optimal,0.0,6.12,258
SBF-A-D-enum,10,0.25,0.75,4,Optimal,0.0,3.38,96
SBF-A-D-enum,10,1.0,1.0,0,Optimal,0.0,6.61,228
SBF-A-D-enum,10,1.0,1.0,1,Optimal,0.0,7.67,282
SBF-A-D-enum,10,1.0,1.0,2,Optimal,0.0,4.69,172
SBF-A-D-enum,10,1.0,1.0,3,Optimal,0.0,3.46,90
SBF-A-D-enum,10,1.0,1.0,4,Optimal,0.0,1.59,72
SBF-A-D-enum,10,0.8,1.2,0,Optimal,0.0,9.13,540
SBF-A-D-enum,10,0.8,1.2,1,Optimal,0.0,7.9,230
SBF-A-D-enum,10,0.8,1.2,2,Optimal,0.0,8.23,254
SBF-A-D-enum,10,0.8,1.2,3,Optimal,0.0,6.47,108
SBF-A-D-enum,10,0.8,1.2,4,Optimal,0.0,1.36,42
SBF-A-D-enum,10,0.5,1.5,0,Optimal,0.0,10.1,588
SBF-A-D-enum,10,0.5,1.5,1,Optimal,0.0,6.2,60
SBF-A-D-enum,10,0.5,1.5,2,Optimal,0.0,7.35,186
SBF-A-D-enum,10,0.5,1.5,3,Optimal,0.0,5.02,184
SBF-A-D-enum,10,0.5,1.5,4,Optimal,0.0,3.26,368
ABF-A,15,0.25,0.25,0,Optimal,0.01015295,10.19,0
ABF-A,15,0.25,0.25,1,Optimal,0.00789589,7.55,0
ABF-A,15,0.25,0.25,2,Optimal,0.00702363,10.88,0
ABF-A,15,0.25,0.25,3,Optimal,0.01228069,12.89,0
ABF-A,15,0.25,0.25,4,Optimal,0.00938756,2.95,0
ABF-A,15,0.2,0.3,0,Optimal,0.00984052,9.22,0
ABF-A,15,0.2,0.3,1,Optimal,0.00783286,8.99,0
ABF-A,15,0.2,0.3,2,Optimal,0.00675475,11.08,0
ABF-A,15,0.2,0.3,3,Optimal,0.01219245,12.99,0
ABF-A,15,0.2,0.3,4,Optimal,0.00907282,2.21,0
ABF-A,15,0.125,0.375,0,Optimal,0.00873788,7.28,0
ABF-A,15,0.125,0.375,1,Optimal,0.00818368,9.48,0
ABF-A,15,0.125,0.375,2,Optimal,0.00702881,11.42,0
ABF-A,15,0.125,0.375,3,Optimal,0.01234165,15.12,0
ABF-A,15,0.125,0.375,4,Optimal,0.00887665,2.08,0
ABF-A,15,0.5,0.5,0,Optimal,0.00946333,37.88,0
ABF-A,15,0.5,0.5,1,Optimal,0.00994722,22.23,0
ABF-A,15,0.5,0.5,2,Optimal,0.0065814,78.16,0
ABF-A,15,0.5,0.5,3,Optimal,0.00992991,175.68,0
ABF-A,15,0.5,0.5,4,Optimal,0.00913086,15.31,0
ABF-A,15,0.4,0.6,0,Optimal,0.00998202,36.09,0
ABF-A,15,0.4,0.6,1,Optimal,0.00830558,20.27,0
ABF-A,15,0.4,0.6,2,Optimal,0.00672538,87.11,0
ABF-A,15,0.4,0.6,3,Optimal,0.00988578,200.31,0
ABF-A,15,0.4,0.6,4,Optimal,0.00987483,15.79,0
ABF-A,15,0.25,0.75,0,Optimal,0.00746265,40.46,0
ABF-A,15,0.25,0.75,1,Optimal,0.00710063,51.86,0
ABF-A,15,0.25,0.75,2,Optimal,0.00669566,81.28,0
ABF-A,15,0.25,0.75,3,Optimal,0.01051894,130.85,0
ABF-A,15,0.25,0.75,4,Optimal,0.00902276,18.49,0
ABF-A,15,1.0,1.0,0,Optimal,0.01181285,265.52,0
ABF-A,15,1.0,1.0,1,Optimal,0.00552748,252.82,0
ABF-A,15,1.0,1.0,2,Time_limit,0.16776545,600.03,0
ABF-A,15,1.0,1.0,3,Time_limit,0.29977592,600.1,0
ABF-A,15,1.0,1.0,4,Optimal,0.00822228,411.82,0
ABF-A,15,0.8,1.2,0,Optimal,0.01061186,396.28,0
ABF-A,15,0.8,1.2,1,Time_limit,0.07694005,600.08,0
ABF-A,15,0.8,1.2,2,Time_limit,0.16851499,600.06,0
ABF-A,15,0.8,1.2,3,Time_limit,0.2941064,600.03,0
ABF-A,15,0.8,1.2,4,Optimal,0.01036829,382.88,0
ABF-A,15,0.5,1.5,0,Optimal,0.0050172,574.77,0
ABF-A,15,0.5,1.5,1,Time_limit,0.11349068,600.07,0
ABF-A,15,0.5,1.5,2,Time_limit,0.13015426,600.06,0
ABF-A,15,0.5,1.5,3,Time_limit,0.29544428,600.05,0
ABF-A,15,0.5,1.5,4,Optimal,0.00861723,506.16,0
ABF-D,15,0.25,0.25,0,Optimal,0.0,10.67,1304
ABF-D,15,0.25,0.25,1,Optimal,0.0,4.76,626
ABF-D,15,0.25,0.25,2,Optimal,0.0,7.58,998
ABF-D,15,0.25,0.25,3,Optimal,0.0,15.44,1928
ABF-D,15,0.25,0.25,4,Optimal,0.0,1.1,122
ABF-D,15,0.2,0.3,0,Optimal,0.0,11.39,1406
ABF-D,15,0.2,0.3,1,Optimal,0.0,5.32,712
ABF-D,15,0.2,0.3,2,Optimal,0.0,8.99,1162
ABF-D,15,0.2,0.3,3,Optimal,0.0,18.78,1928
ABF-D,15,0.2,0.3,4,Optimal,0.0,1.06,122
ABF-D,15,0.125,0.375,0,Optimal,0.0,12.83,1606
ABF-D,15,0.125,0.375,1,Optimal,0.0,7.23,946
ABF-D,15,0.125,0.375,2,Optimal,0.0,12.04,1478
ABF-D,15,0.125,0.375,3,Optimal,0.0,15.55,1956
ABF-D,15,0.125,0.375,4,Optimal,0.0,1.1,132
ABF-D,15,0.5,0.5,0,Time_limit,0.10144415,600.66,29358
ABF-D,15,0.5,0.5,1,Optimal,0.0,98.44,7596
ABF-D,15,0.5,0.5,2,Time_limit,0.14923472,600.49,28912
ABF-D,15,0.5,0.5,3,Time_limit,0.1231895,600.32,29154
ABF-D,15,0.5,0.5,4,Optimal,0.0,50.15,3712
ABF-D,15,0.4,0.6,0,Time_limit,0.11460966,600.56,27386
ABF-D,15,0.4,0.6,1,Optimal,0.0,185.56,10098
ABF-D,15,0.4,0.6,2,Time_limit,0.15996137,600.13,27614
ABF-D,15,0.4,0.6,3,Time_limit,0.12186675,601.22,29006
ABF-D,15,0.4,0.6,4,Optimal,0.0,52.19,3524
ABF-D,15,0.25,0.75,0,Time_limit,0.12608186,601.02,27344
ABF-D,15,0.25,0.75,1,Time_limit,0.11686524,600.91,26078
ABF-D,15,0.25,0.75,2,Time_limit,0.17700001,601.4,26246
ABF-D,15,0.25,0.75,3,Time_limit,0.12285759,600.19,26180
ABF-D,15,0.25,0.75,4,Optimal,0.0,57.64,3366
ABF-D,15,1.0,1.0,0,Time_limit,0.38805993,600.92,28090
ABF-D,15,1.0,1.0,1,Time_limit,0.3386941,601.32,29054
ABF-D,15,1.0,1.0,2,Time_limit,0.45798667,601.59,28562
ABF-D,15,1.0,1.0,3,Time_limit,0.38833083,602.32,30246
ABF-D,15,1.0,1.0,4,Time_limit,0.43626953,601.07,21930
ABF-D,15,0.8,1.2,0,Time_limit,0.40913098,600.98,24202
ABF-D,15,0.8,1.2,1,Time_limit,0.39513975,601.68,26124
ABF-D,15,0.8,1.2,2,Time_limit,0.46032655,601.56,24374
ABF-D,15,0.8,1.2,3,Time_limit,0.39200192,602.11,25816
ABF-D,15,0.8,1.2,4,Time_limit,0.42232941,601.13,20522
ABF-D,15,0.5,1.5,0,Time_limit,0.44855691,601.1,22114
ABF-D,15,0.5,1.5,1,Time_limit,0.45393808,601.11,24122
ABF-D,15,0.5,1.5,2,Time_limit,0.40441371,600.54,24178
ABF-D,15,0.5,1.5,3,Time_limit,0.39060558,601.53,26636
ABF-D,15,0.5,1.5,4,Time_limit,0.42391853,600.42,18896
ABF-A-D,15,0.25,0.25,0,Optimal,0.0,9.1,14
ABF-A-D,15,0.25,0.25,1,Optimal,0.0,11.16,28
ABF-A-D,15,0.25,0.25,2,Optimal,0.0,21.39,18
ABF-A-D,15,0.25,0.25,3,Optimal,0.0,25.17,100
ABF-A-D,15,0.25,0.25,4,Optimal,0.0,5.61,36
ABF-A-D,15,0.2,0.3,0,Optimal,0.0,13.74,12
ABF-A-D,15,0.2,0.3,1,Optimal,0.0,16.54,18
ABF-A-D,15,0.2,0.3,2,Optimal,0.0,20.11,16
ABF-A-D,15,0.2,0.3,3,Optimal,0.0,23.24,70
ABF-A-D,15,0.2,0.3,4,Optimal,0.0,5.04,42
ABF-A-D,15,0.125,0.375,0,Optimal,0.0,16.38,12
ABF-A-D,15,0.125,0.375,1,Optimal,0.0,16.72,38
ABF-A-D,15,0.125,0.375,2,Optimal,0.0,19.87,16
ABF-A-D,15,0.125,0.375,3,Optimal,0.0,25.16,86
ABF-A-D,15,0.125,0.375,4,Optimal,0.0,5.53,34
ABF-A-D,15,0.5,0.5,0,Optimal,0.0,51.89,56
ABF-A-D,15,0.5,0.5,1,Optimal,0.0,32.25,30
ABF-A-D,15,0.5,0.5,2,Optimal,0.0,161.64,48
ABF-A-D,15,0.5,0.5,3,Time_limit,0.06780808,600.19,70
ABF-A-D,15,0.5,0.5,4,Optimal,0.0,114.85,72
ABF-A-D,15,0.4,0.6,0,Optimal,0.0,514.54,192
ABF-A-D,15,0.4,0.6,1,Optimal,0.0,59.08,176
ABF-A-D,15,0.4,0.6,2,Optimal,0.0,175.59,68
ABF-A-D,15,0.4,0.6,3,Time_limit,0.08794895,600.28,124
ABF-A-D,15,0.4,0.6,4,Optimal,0.0,139.17,130
ABF-A-D,15,0.25,0.75,0,Optimal,0.0,454.11,56
ABF-A-D,15,0.25,0.75,1,Optimal,0.0,130.32,38
ABF-A-D,15,0.25,0.75,2,Optimal,0.0,354.88,172
ABF-A-D,15,0.25,0.75,3,Time_limit,0.03320789,600.11,78
ABF-A-D,15,0.25,0.75,4,Optimal,0.0,62.86,90
ABF-A-D,15,1.0,1.0,0,Time_limit,0.19449098,600.23,1178
ABF-A-D,15,1.0,1.0,1,Time_limit,0.21912689,600.11,86
ABF-A-D,15,1.0,1.0,2,Time_limit,0.37118307,600.13,346
ABF-A-D,15,1.0,1.0,3,Time_limit,0.48088094,600.25,346
ABF-A-D,15,1.0,1.0,4,Time_limit,0.27383609,600.27,54
ABF-A-D,15,0.8,1.2,0,Time_limit,0.21132232,600.28,560
ABF-A-D,15,0.8,1.2,1,Time_limit,0.35609028,600.19,78
ABF-A-D,15,0.8,1.2,2,Time_limit,0.22827639,600.14,472
ABF-A-D,15,0.8,1.2,3,Time_limit,0.44298561,600.12,132
ABF-A-D,15,0.8,1.2,4,Time_limit,0.31153978,600.2,86
ABF-A-D,15,0.5,1.5,0,Time_limit,0.24100592,600.19,436
ABF-A-D,15,0.5,1.5,1,Time_limit,0.39749683,600.27,138
ABF-A-D,15,0.5,1.5,2,Time_limit,0.22480385,600.15,136
ABF-A-D,15,0.5,1.5,3,Time_limit,0.41243903,600.1,82
ABF-A-D,15,0.5,1.5,4,Time_limit,0.21378599,600.1,58
ABF,15,0.25,0.25,0,Time_limit,0.42283468,600.03,0
ABF,15,0.25,0.25,1,Suboptimal,0.02016008,345.54,0
ABF,15,0.25,0.25,2,Time_limit,0.33672043,600.17,0
ABF,15,0.25,0.25,3,Time_limit,0.6511344,600.02,0
ABF,15,0.25,0.25,4,Time_limit,0.42983943,600.02,0
ABF,15,0.2,0.3,0,Time_limit,0.6566372,600.14,0
ABF,15,0.2,0.3,1,Time_limit,0.58646485,600.02,0
ABF,15,0.2,0.3,2,Time_limit,0.47857111,600.05,0
ABF,15,0.2,0.3,3,Time_limit,0.63103068,600.03,0
ABF,15,0.2,0.3,4,Optimal,8.616e-05,4.35,0
ABF,15,0.125,0.375,0,Time_limit,0.49472389,600.05,0
ABF,15,0.125,0.375,1,Time_limit,0.59223442,600.06,0
ABF,15,0.125,0.375,2,Suboptimal,0.01578714,550.62,0
ABF,15,0.125,0.375,3,Time_limit,0.05205032,600.19,0
ABF,15,0.125,0.375,4,Time_limit,0.47186669,600.04,0
ABF,15,0.5,0.5,0,Time_limit,0.50509077,600.04,0
ABF,15,0.5,0.5,1,Time_limit,0.78517011,600.08,0
ABF,15,0.5,0.5,2,Time_limit,0.37702223,600.29,0
ABF,15,0.5,0.5,3,Time_limit,0.7445179,600.06,0
ABF,15,0.5,0.5,4,Time_limit,0.6735915,600.04,0
ABF,15,0.4,0.6,0,Time_limit,0.10730147,600.24,0
ABF,15,0.4,0.6,1,Time_limit,0.71055193,600.06,0
ABF,15,0.4,0.6,2,Time_limit,0.17449584,600.05,0
ABF,15,0.4,0.6,3,Time_limit,0.79454008,600.06,0
ABF,15,0.4,0.6,4,Time_limit,0.78279,600.05,0
ABF,15,0.25,0.75,0,Time_limit,0.66156437,600.08,0
ABF,15,0.25,0.75,1,Time_limit,0.30112821,600.19,0
ABF,15,0.25,0.75,2,Time_limit,0.19976834,600.12,0
ABF,15,0.25,0.75,3,Time_limit,0.84946996,600.18,0
ABF,15,0.25,0.75,4,Suboptimal,0.05116035,322.59,0
ABF,15,1.0,1.0,0,Time_limit,0.10358902,600.21,0
ABF,15,1.0,1.0,1,Time_limit,0.44037281,600.23,0
ABF,15,1.0,1.0,2,Time_limit,0.63520042,600.25,0
ABF,15,1.0,1.0,3,Time_limit,0.53165473,600.08,0
ABF,15,1.0,1.0,4,Time_limit,0.46011748,600.1,0
ABF,15,0.8,1.2,0,Time_limit,0.51559924,600.05,0
ABF,15,0.8,1.2,1,Time_limit,0.44422336,600.16,0
ABF,15,0.8,1.2,2,Time_limit,0.37721923,600.09,0
ABF,15,0.8,1.2,3,Time_limit,0.54569599,600.15,0
ABF,15,0.8,1.2,4,Time_limit,0.90870741,600.18,0
ABF,15,0.5,1.5,0,Time_limit,0.61611538,600.02,0
ABF,15,0.5,1.5,1,Time_limit,0.50797643,600.21,0
ABF,15,0.5,1.5,2,Time_limit,0.50014548,600.08,0
ABF,15,0.5,1.5,3,Time_limit,0.83966119,600.03,0
ABF,15,0.5,1.5,4,Time_limit,0.87309107,600.09,0
SBF,15,0.25,0.25,0,Time_limit,0.30236785,600.04,0
SBF,15,0.25,0.25,1,Time_limit,0.66659188,600.08,0
SBF,15,0.25,0.25,2,Time_limit,0.64919735,600.06,0
SBF,15,0.25,0.25,3,Time_limit,0.6488027,600.09,0
SBF,15,0.25,0.25,4,Time_limit,0.46085077,600.02,0
SBF,15,0.2,0.3,0,Time_limit,0.3285961,600.07,0
SBF,15,0.2,0.3,1,Time_limit,0.64125328,600.06,0
SBF,15,0.2,0.3,2,Time_limit,0.29449389,600.06,0
SBF,15,0.2,0.3,3,Time_limit,0.69017724,600.08,0
SBF,15,0.2,0.3,4,Time_limit,0.40854866,600.03,0
SBF,15,0.125,0.375,0,Time_limit,0.35372958,600.08,0
SBF,15,0.125,0.375,1,Time_limit,0.54051825,600.05,0
SBF,15,0.125,0.375,2,Time_limit,0.5207644,600.07,0
SBF,15,0.125,0.375,3,Time_limit,0.69127562,600.06,0
SBF,15,0.125,0.375,4,Time_limit,0.4388922,600.07,0
SBF,15,0.5,0.5,0,Time_limit,0.36711821,600.06,0
SBF,15,0.5,0.5,1,Time_limit,0.50048527,600.05,0
SBF,15,0.5,0.5,2,Time_limit,0.55005737,600.03,0
SBF,15,0.5,0.5,3,Time_limit,0.62178399,600.05,0
SBF,15,0.5,0.5,4,Time_limit,0.38537806,600.06,0
SBF,15,0.4,0.6,0,Time_limit,0.39649854,600.05,0
SBF,15,0.4,0.6,1,Time_limit,0.6405299,600.05,0
SBF,15,0.4,0.6,2,Time_limit,0.58060274,600.04,0
SBF,15,0.4,0.6,3,Time_limit,0.67291158,600.08,0
SBF,15,0.4,0.6,4,Time_limit,0.38587492,600.03,0
SBF,15,0.25,0.75,0,Time_limit,0.44188244,600.07,0
SBF,15,0.25,0.75,1,Time_limit,0.59502255,600.03,0
SBF,15,0.25,0.75,2,Time_limit,0.54368337,600.05,0
SBF,15,0.25,0.75,3,Time_limit,0.63403333,600.03,0
SBF,15,0.25,0.75,4,Time_limit,0.43563381,600.07,0
SBF,15,1.0,1.0,0,Time_limit,0.31550256,600.05,0
SBF,15,1.0,1.0,1,Time_limit,0.46486743,600.04,0
SBF,15,1.0,1.0,2,Time_limit,0.20014819,600.05,0
SBF,15,1.0,1.0,3,Time_limit,0.59535571,600.05,0
SBF,15,1.0,1.0,4,Time_limit,0.346363,600.05,0
SBF,15,0.8,1.2,0,Time_limit,0.17649417,600.05,0
SBF,15,0.8,1.2,1,Time_limit,0.48159956,600.03,0
SBF,15,0.8,1.2,2,Time_limit,0.20823819,600.05,0
SBF,15,0.8,1.2,3,Time_limit,0.47981814,600.03,0
SBF,15,0.8,1.2,4,Time_limit,0.31684572,600.04,0
SBF,15,0.5,1.5,0,Time_limit,0.19407048,600.05,0
SBF,15,0.5,1.5,1,Time_limit,0.07534183,600.05,0
SBF,15,0.5,1.5,2,Time_limit,0.05892092,600.04,0
SBF,15,0.5,1.5,3,Time_limit,0.58174935,600.04,0
SBF,15,0.5,1.5,4,Time_limit,0.44921695,600.05,0
SBF-A,15,0.25,0.25,0,Optimal,0.01014357,19.67,0
SBF-A,15,0.25,0.25,1,Optimal,0.00786774,143.93,0
SBF-A,15,0.25,0.25,2,Optimal,0.00704652,30.64,0
SBF-A,15,0.25,0.25,3,Optimal,0.01226985,68.59,0
SBF-A,15,0.25,0.25,4,Optimal,0.00938839,20.5,0
SBF-A,15,0.2,0.3,0,Optimal,0.00984067,56.28,0
SBF-A,15,0.2,0.3,1,Optimal,0.00780556,146.34,0
SBF-A,15,0.2,0.3,2,Optimal,0.00675282,11.77,0
SBF-A,15,0.2,0.3,3,Optimal,0.01214941,65.83,0
SBF-A,15,0.2,0.3,4,Optimal,0.0090829,27.85,0
SBF-A,15,0.125,0.375,0,Optimal,0.00872415,106.16,0
SBF-A,15,0.125,0.375,1,Time_limit,0.178557,600.03,0
SBF-A,15,0.125,0.375,2,Optimal,0.00701048,15.48,0
SBF-A,15,0.125,0.375,3,Optimal,0.01233947,78.99,0
SBF-A,15,0.125,0.375,4,Optimal,0.00888052,45.95,0
SBF-A,15,0.5,0.5,0,Optimal,0.00946739,38.94,0
SBF-A,15,0.5,0.5,1,Optimal,0.00994721,44.6,0
SBF-A,15,0.5,0.5,2,Optimal,0.00658878,14.86,0
SBF-A,15,0.5,0.5,3,Optimal,0.00998914,68.78,0
SBF-A,15,0.5,0.5,4,Optimal,0.00913723,40.19,0
SBF-A,15,0.4,0.6,0,Optimal,0.00999467,43.07,0
SBF-A,15,0.4,0.6,1,Optimal,0.00864004,65.45,0
SBF-A,15,0.4,0.6,2,Optimal,0.00672685,70.89,0
SBF-A,15,0.4,0.6,3,Optimal,0.00993793,64.77,0
SBF-A,15,0.4,0.6,4,Optimal,0.00988607,65.29,0
SBF-A,15,0.25,0.75,0,Optimal,0.00746922,37.96,0
SBF-A,15,0.25,0.75,1,Optimal,0.00713393,147.78,0
SBF-A,15,0.25,0.75,2,Optimal,0.00674339,29.4,0
SBF-A,15,0.25,0.75,3,Optimal,0.0105394,91.41,0
SBF-A,15,0.25,0.75,4,Optimal,0.00901576,48.64,0
SBF-A,15,1.0,1.0,0,Optimal,0.01184016,27.04,0
SBF-A,15,1.0,1.0,1,Optimal,0.00531503,69.66,0
SBF-A,15,1.0,1.0,2,Optimal,0.01523552,41.53,0
SBF-A,15,1.0,1.0,3,Optimal,0.00954657,68.18,0
SBF-A,15,1.0,1.0,4,Optimal,0.00826323,38.56,0
SBF-A,15,0.8,1.2,0,Optimal,0.01060462,27.24,0
SBF-A,15,0.8,1.2,1,Optimal,0.00615042,61.02,0
SBF-A,15,0.8,1.2,2,Optimal,0.01258333,44.81,0
SBF-A,15,0.8,1.2,3,Optimal,0.00820627,227.67,0
SBF-A,15,0.8,1.2,4,Optimal,0.01047308,35.26,0
SBF-A,15,0.5,1.5,0,Optimal,0.00502889,41.86,0
SBF-A,15,0.5,1.5,1,Optimal,0.00336138,178.17,0
SBF-A,15,0.5,1.5,2,Optimal,0.01016136,12.78,0
SBF-A,15,0.5,1.5,3,Optimal,0.0097409,55.89,0
SBF-A,15,0.5,1.5,4,Optimal,0.00859159,38.35,0
SBF-D-enum,15,0.25,0.25,0,Time_limit,0.7281583,600.38,2678
SBF-D-enum,15,0.25,0.25,1,Time_limit,0.89444832,600.37,3064
SBF-D-enum,15,0.25,0.25,2,Time_limit,0.5344565,600.11,3717
SBF-D-enum,15,0.25,0.25,3,Time_limit,0.75310499,600.27,3098
SBF-D-enum,15,0.25,0.25,4,Time_limit,0.72221731,600.33,2731
SBF-D-enum,15,0.2,0.3,0,Time_limit,0.80497901,600.69,2761
SBF-D-enum,15,0.2,0.3,1,Time_limit,0.85217807,600.75,2735
SBF-D-enum,15,0.2,0.3,2,Time_limit,0.43159191,600.13,3112
SBF-D-enum,15,0.2,0.3,3,Time_limit,0.79990391,600.22,3323
SBF-D-enum,15,0.2,0.3,4,Time_limit,0.78640978,600.12,2922
SBF-D-enum,15,0.125,0.375,0,Time_limit,0.77000082,600.33,2583
SBF-D-enum,15,0.125,0.375,1,Time_limit,0.88169747,600.16,2952
SBF-D-enum,15,0.125,0.375,2,Time_limit,0.5174981,600.45,3894
SBF-D-enum,15,0.125,0.375,3,Time_limit,0.75968339,600.2,3287
SBF-D-enum,15,0.125,0.375,4,Time_limit,0.80003791,600.27,2898
SBF-D-enum,15,0.5,0.5,0,Time_limit,0.85271882,600.49,2593
SBF-D-enum,15,0.5,0.5,1,Time_limit,0.80797247,600.15,2660
SBF-D-enum,15,0.5,0.5,2,Time_limit,0.58163465,600.15,3508
SBF-D-enum,15,0.5,0.5,3,Time_limit,0.80340677,600.08,2911
SBF-D-enum,15,0.5,0.5,4,Time_limit,0.836526,600.27,2653
SBF-D-enum,15,0.4,0.6,0,Time_limit,0.91265092,600.06,2776
SBF-D-enum,15,0.4,0.6,1,Time_limit,0.85471346,600.04,2239
SBF-D-enum,15,0.4,0.6,2,Time_limit,0.69828339,600.29,4212
SBF-D-enum,15,0.4,0.6,3,Time_limit,0.83467291,600.44,3083
SBF-D-enum,15,0.4,0.6,4,Time_limit,0.75779031,600.03,1837
SBF-D-enum,15,0.25,0.75,0,Time_limit,0.90262709,600.38,2951
SBF-D-enum,15,0.25,0.75,1,Time_limit,0.9548986,600.22,3118
SBF-D-enum,15,0.25,0.75,2,Time_limit,0.47583588,600.24,3094
SBF-D-enum,15,0.25,0.75,3,Time_limit,0.8496202,600.59,3167
SBF-D-enum,15,0.25,0.75,4,Time_limit,0.8202421,600.29,2806
SBF-D-enum,15,1.0,1.0,0,Time_limit,0.75949395,600.06,3022
SBF-D-enum,15,1.0,1.0,1,Time_limit,1.0,600.26,2729
SBF-D-enum,15,1.0,1.0,2,Time_limit,0.51422891,600.77,3697
SBF-D-enum,15,1.0,1.0,3,Time_limit,1.0,600.16,3051
SBF-D-enum,15,1.0,1.0,4,Time_limit,1.0,600.37,2693
SBF-D-enum,15,0.8,1.2,0,Time_limit,0.64022163,600.28,3389
SBF-D-enum,15,0.8,1.2,1,Time_limit,1.0,600.22,3217
SBF-D-enum,15,0.8,1.2,2,Time_limit,0.51901691,600.09,3954
SBF-D-enum,15,0.8,1.2,3,Time_limit,1.0,600.63,3195
SBF-D-enum,15,0.8,1.2,4,Time_limit,0.94769431,600.45,2121
SBF-D-enum,15,0.5,1.5,0,Time_limit,0.80267513,600.26,3522
SBF-D-enum,15,0.5,1.5,1,Time_limit,1.0,600.29,2830
SBF-D-enum,15,0.5,1.5,2,Time_limit,0.37030306,600.28,3888
SBF-D-enum,15,0.5,1.5,3,Time_limit,1.0,600.24,3097
SBF-D-enum,15,0.5,1.5,4,Time_limit,1.0,600.5,2623
SBF-A-D-enum,15,0.25,0.25,0,Optimal,0.0,422.46,2690
SBF-A-D-enum,15,0.25,0.25,1,Optimal,0.0,230.63,198
SBF-A-D-enum,15,0.25,0.25,2,Optimal,0.0,129.58,3126
SBF-A-D-enum,15,0.25,0.25,3,Optimal,0.0,438.56,1026
SBF-A-D-enum,15,0.25,0.25,4,Optimal,0.0,158.33,224
SBF-A-D-enum,15,0.2,0.3,0,Optimal,0.0,113.32,82
SBF-A-D-enum,15,0.2,0.3,1,Optimal,0.0,397.6,184
SBF-A-D-enum,15,0.2,0.3,2,Optimal,0.0,28.95,292
SBF-A-D-enum,15,0.2,0.3,3,Time_limit,0.02201035,600.01,400
SBF-A-D-enum,15,0.2,0.3,4,Optimal,0.0,83.31,400
SBF-A-D-enum,15,0.125,0.375,0,Optimal,0.0,383.08,1708
SBF-A-D-enum,15,0.125,0.375,1,Optimal,0.0,448.05,402
SBF-A-D-enum,15,0.125,0.375,2,Optimal,0.0,36.91,488
SBF-A-D-enum,15,0.125,0.375,3,Optimal,0.0,275.67,338
SBF-A-D-enum,15,0.125,0.375,4,Optimal,0.0,136.41,254
SBF-A-D-enum,15,0.5,0.5,0,Optimal,0.0,477.84,3984
SBF-A-D-enum,15,0.5,0.5,1,Optimal,0.0,97.23,92
SBF-A-D-enum,15,0.5,0.5,2,Optimal,0.0,35.96,200
SBF-A-D-enum,15,0.5,0.5,3,Optimal,0.0,416.74,248
SBF-A-D-enum,15,0.5,0.5,4,Optimal,0.0,138.57,596
SBF-A-D-enum,15,0.4,0.6,0,Optimal,0.0,251.11,1034
SBF-A-D-enum,15,0.4,0.6,1,Optimal,0.0,146.46,214
SBF-A-D-enum,15,0.4,0.6,2,Optimal,0.0,112.2,1448
SBF-A-D-enum,15,0.4,0.6,3,Optimal,0.0,564.53,152
SBF-A-D-enum,15,0.4,0.6,4,Optimal,0.0,127.87,98
SBF-A-D-enum,15,0.25,0.75,0,Optimal,0.0,468.5,2122
SBF-A-D-enum,15,0.25,0.75,1,Optimal,0.0,451.18,292
SBF-A-D-enum,15,0.25,0.75,2,Optimal,0.0,158.29,790
SBF-A-D-enum,15,0.25,0.75,3,Optimal,0.0,500.66,1414
SBF-A-D-enum,15,0.25,0.75,4,Optimal,0.0,255.76,442
SBF-A-D-enum,15,1.0,1.0,0,Optimal,0.0,129.33,4804
SBF-A-D-enum,15,1.0,1.0,1,Optimal,0.0,327.45,990
SBF-A-D-enum,15,1.0,1.0,2,Optimal,0.0,150.71,3404
SBF-A-D-enum,15,1.0,1.0,3,Time_limit,0.16661994,600.03,3076
SBF-A-D-enum,15,1.0,1.0,4,Optimal,0.0,105.36,450
SBF-A-D-enum,15,0.8,1.2,0,Optimal,0.0,238.68,2604
SBF-A-D-enum,15,0.8,1.2,1,Optimal,0.0,146.57,336
SBF-A-D-enum,15,0.8,1.2,2,Optimal,0.0,304.96,6986
SBF-A-D-enum,15,0.8,1.2,3,Time_limit,0.30917255,600.05,1192
SBF-A-D-enum,15,0.8,1.2,4,Optimal,0.0,154.08,186
SBF-A-D-enum,15,0.5,1.5,0,Optimal,0.0,176.39,1186
SBF-A-D-enum,15,0.5,1.5,1,Optimal,0.0,471.22,1492
SBF-A-D-enum,15,0.5,1.5,2,Optimal,0.0,136.43,3282
SBF-A-D-enum,15,0.5,1.5,3,Time_limit,0.10185831,600.04,3222
SBF-A-D-enum,15,0.5,1.5,4,Optimal,0.0,177.83,426
ABF,20,0.25,0.25,0,Time_limit,0.83945964,600.09,0
ABF,20,0.25,0.25,1,Time_limit,0.19987103,600.41,0
ABF,20,0.25,0.25,2,Time_limit,0.79953207,600.06,0
ABF,20,0.25,0.25,3,Time_limit,0.83704834,600.04,0
ABF,20,0.25,0.25,4,Time_limit,0.88632791,600.05,0
ABF,20,0.2,0.3,0,Time_limit,0.78748824,600.04,0
ABF,20,0.2,0.3,1,Time_limit,0.90593938,600.43,0
ABF,20,0.2,0.3,2,Time_limit,0.83290054,600.32,0
ABF,20,0.2,0.3,3,Time_limit,0.12985709,600.4,0
ABF,20,0.2,0.3,4,Time_limit,0.86755341,600.52,0
ABF,20,0.125,0.375,0,Time_limit,0.92056901,600.36,0
ABF,20,0.125,0.375,1,Time_limit,0.85988081,600.08,0
ABF,20,0.125,0.375,2,Time_limit,0.85655614,600.08,0
ABF,20,0.125,0.375,3,Time_limit,0.8417204,600.08,0
ABF,20,0.125,0.375,4,Time_limit,0.87376915,600.09,0
ABF,20,0.5,0.5,0,Time_limit,0.85970184,600.2,0
ABF,20,0.5,0.5,1,Time_limit,0.93842789,600.05,0
ABF,20,0.5,0.5,2,Time_limit,0.83247261,600.09,0
ABF,20,0.5,0.5,3,Time_limit,0.91901731,600.06,0
ABF,20,0.5,0.5,4,Time_limit,0.30513833,600.33,0
ABF,20,0.4,0.6,0,Time_limit,0.89700077,600.04,0
ABF,20,0.4,0.6,1,Time_limit,0.94196766,600.46,0
ABF,20,0.4,0.6,2,Time_limit,0.8247515,600.08,0
ABF,20,0.4,0.6,3,Time_limit,0.40955812,600.17,0
ABF,20,0.4,0.6,4,Time_limit,0.4406997,600.11,0
ABF,20,0.25,0.75,0,Time_limit,0.94099708,600.06,0
ABF,20,0.25,0.75,1,Time_limit,0.33652148,600.31,0
ABF,20,0.25,0.75,2,Time_limit,0.88094699,600.07,0
ABF,20,0.25,0.75,3,Time_limit,0.87939849,600.24,0
ABF,20,0.25,0.75,4,Time_limit,0.36221469,600.28,0
ABF,20,1.0,1.0,0,Time_limit,0.64055908,600.23,0
ABF,20,1.0,1.0,1,Time_limit,0.77070468,600.49,0
ABF,20,1.0,1.0,2,Time_limit,0.71064554,600.06,0
ABF,20,1.0,1.0,3,Time_limit,0.96317502,600.17,0
ABF,20,1.0,1.0,4,Time_limit,0.65718219,600.28,0
ABF,20,0.8,1.2,0,Time_limit,0.69869481,600.3,0
ABF,20,0.8,1.2,1,Time_limit,0.74075965,600.06,0
ABF,20,0.8,1.2,2,Time_limit,0.71748843,600.35,0
ABF,20,0.8,1.2,3,Time_limit,0.75766765,600.48,0
ABF,20,0.8,1.2,4,Time_limit,0.69658387,600.19,0
ABF,20,0.5,1.5,0,Time_limit,0.93371806,600.19,0
ABF,20,0.5,1.5,1,Time_limit,0.72388088,600.05,0
ABF,20,0.5,1.5,2,Time_limit,0.67591832,600.38,0
ABF,20,0.5,1.5,3,Time_limit,0.75719457,600.22,0
ABF,20,0.5,1.5,4,Time_limit,0.68041247,600.34,0
ABF-D,20,0.25,0.25,0,Time_limit,0.07069086,601.61,23946
ABF-D,20,0.25,0.25,1,Time_limit,0.04539322,600.47,23540
ABF-D,20,0.25,0.25,2,Time_limit,0.08763853,600.42,24076
ABF-D,20,0.25,0.25,3,Time_limit,0.07132848,600.29,24756
ABF-D,20,0.25,0.25,4,Time_limit,0.05518702,601.07,23620
ABF-D,20,0.2,0.3,0,Time_limit,0.06176263,600.45,21836
ABF-D,20,0.2,0.3,1,Time_limit,0.02297897,600.51,19398
ABF-D,20,0.2,0.3,2,Time_limit,0.09055627,600.7,22698
ABF-D,20,0.2,0.3,3,Time_limit,0.07011154,601.75,22632
ABF-D,20,0.2,0.3,4,Time_limit,0.06154034,601.83,22836
ABF-D,20,0.125,0.375,0,Time_limit,0.0534519,600.44,20080
ABF-D,20,0.125,0.375,1,Optimal,0.0,370.72,12700
ABF-D,20,0.125,0.375,2,Time_limit,0.0914613,600.43,20514
ABF-D,20,0.125,0.375,3,Time_limit,0.06994391,601.1,20424
ABF-D,20,0.125,0.375,4,Time_limit,0.06650606,600.19,20298
ABF-D,20,0.5,0.5,0,Time_limit,0.22606066,600.73,19866
ABF-D,20,0.5,0.5,1,Time_limit,0.28546017,600.62,21822
ABF-D,20,0.5,0.5,2,Time_limit,0.29619994,601.05,20572
ABF-D,20,0.5,0.5,3,Time_limit,0.2649412,600.66,18924
ABF-D,20,0.5,0.5,4,Time_limit,0.22678416,600.4,18634
ABF-D,20,0.4,0.6,0,Time_limit,0.21799038,600.35,18454
ABF-D,20,0.4,0.6,1,Time_limit,0.27460591,602.01,20218
ABF-D,20,0.4,0.6,2,Time_limit,0.29176157,601.04,20076
ABF-D,20,0.4,0.6,3,Time_limit,0.26169817,600.36,18048
ABF-D,20,0.4,0.6,4,Time_limit,0.2324534,601.77,16960
ABF-D,20,0.25,0.75,0,Time_limit,0.18252662,600.41,18126
ABF-D,20,0.25,0.75,1,Time_limit,0.24641957,601.59,17286
ABF-D,20,0.25,0.75,2,Time_limit,0.28849245,600.45,17286
ABF-D,20,0.25,0.75,3,Time_limit,0.26465239,600.42,16476
ABF-D,20,0.25,0.75,4,Time_limit,0.23458369,600.67,16536
ABF-D,20,1.0,1.0,0,Time_limit,0.50312764,600.22,16294
ABF-D,20,1.0,1.0,1,Time_limit,0.6524459,601.6,17254
ABF-D,20,1.0,1.0,2,Time_limit,0.62307305,602.19,19834
ABF-D,20,1.0,1.0,3,Time_limit,0.68410001,601.38,16730
ABF-D,20,1.0,1.0,4,Time_limit,0.56761707,600.28,15346
ABF-D,20,0.8,1.2,0,Time_limit,0.49618904,601.75,16230
ABF-D,20,0.8,1.2,1,Time_limit,0.61485182,600.52,21934
ABF-D,20,0.8,1.2,2,Time_limit,0.6516063,601.1,25282
ABF-D,20,0.8,1.2,3,Time_limit,0.66041843,600.73,24030
ABF-D,20,0.8,1.2,4,Time_limit,0.55975679,600.49,21758
ABF-D,20,0.5,1.5,0,Time_limit,0.41068797,600.7,22776
ABF-D,20,0.5,1.5,1,Time_limit,0.58240937,600.57,19872
ABF-D,20,0.5,1.5,2,Time_limit,0.5824629,600.2,22742
ABF-D,20,0.5,1.5,3,Time_limit,0.63702482,600.2,19532
ABF-D,20,0.5,1.5,4,Time_limit,0.56196886,602.06,18412
ABF-A-D,20,0.25,0.25,0,Time_limit,0.03232781,600.22,210
ABF-A-D,20,0.25,0.25,1,Optimal,0.0,102.06,42
ABF-A-D,20,0.25,0.25,2,Optimal,0.0,371.7,210
ABF-A-D,20,0.25,0.25,3,Optimal,0.0,440.74,142
ABF-A-D,20,0.25,0.25,4,Optimal,0.0,223.86,278
ABF-A-D,20,0.2,0.3,0,Optimal,0.0,396.56,168
ABF-A-D,20,0.2,0.3,1,Optimal,0.0,99.7,36
ABF-A-D,20,0.2,0.3,2,Time_limit,0.04289307,600.18,118
ABF-A-D,20,0.2,0.3,3,Time_limit,0.04928736,600.25,212
ABF-A-D,20,0.2,0.3,4,Optimal,0.0,215.27,160
ABF-A-D,20,0.125,0.375,0,Optimal,0.0,463.8,262
ABF-A-D,20,0.125,0.375,1,Optimal,0.0,60.1,34
ABF-A-D,20,0.125,0.375,2,Optimal,0.0,527.09,162
ABF-A-D,20,0.125,0.375,3,Optimal,0.0,416.84,134
ABF-A-D,20,0.125,0.375,4,Optimal,0.0,182.88,232
ABF-A-D,20,0.5,0.5,0,Time_limit,0.21211601,600.26,106
ABF-A-D,20,0.5,0.5,1,Time_limit,0.16488834,600.3,104
ABF-A-D,20,0.5,0.5,2,Time_limit,0.26949156,600.19,88
ABF-A-D,20,0.5,0.5,3,Time_limit,0.1982827,600.3,72
ABF-A-D,20,0.5,0.5,4,Time_limit,0.18161594,600.17,56
ABF-A-D,20,0.4,0.6,0,Time_limit,0.19528389,600.24,146
ABF-A-D,20,0.4,0.6,1,Time_limit,0.1437186,600.19,100
ABF-A-D,20,0.4,0.6,2,Time_limit,0.2597991,600.39,42
ABF-A-D,20,0.4,0.6,3,Time_limit,0.21168876,600.17,96
ABF-A-D,20,0.4,0.6,4,Time_limit,0.18362495,600.27,184
ABF-A-D,20,0.25,0.75,0,Time_limit,0.17477272,600.25,100
ABF-A-D,20,0.25,0.75,1,Time_limit,0.10304885,600.31,104
ABF-A-D,20,0.25,0.75,2,Time_limit,0.27977559,600.32,68
ABF-A-D,20,0.25,0.75,3,Time_limit,0.26133696,600.2,224
ABF-A-D,20,0.25,0.75,4,Time_limit,0.16975664,600.29,176
ABF-A-D,20,1.0,1.0,0,Time_limit,0.45555262,600.15,178
ABF-A-D,20,1.0,1.0,1,Time_limit,0.80462426,600.16,88
ABF-A-D,20,1.0,1.0,2,Time_limit,0.56798514,600.17,122
ABF-A-D,20,1.0,1.0,3,Time_limit,0.57947497,600.09,168
ABF-A-D,20,1.0,1.0,4,Time_limit,0.49735118,600.15,134
ABF-A-D,20,0.8,1.2,0,Time_limit,0.49634599,600.18,224
ABF-A-D,20,0.8,1.2,1,Time_limit,0.7991386,600.23,108
ABF-A-D,20,0.8,1.2,2,Time_limit,0.58054217,600.29,224
ABF-A-D,20,0.8,1.2,3,Time_limit,0.71041967,600.06,108
ABF-A-D,20,0.8,1.2,4,Time_limit,0.52370934,600.17,82
ABF-A-D,20,0.5,1.5,0,Time_limit,0.38746292,600.21,228
ABF-A-D,20,0.5,1.5,1,Time_limit,0.67704039,600.18,74
ABF-A-D,20,0.5,1.5,2,Time_limit,0.49271413,600.05,228
ABF-A-D,20,0.5,1.5,3,Time_limit,0.57436835,600.18,140
ABF-A-D,20,0.5,1.5,4,Time_limit,0.5464295,600.21,122
ABF-A,20,0.25,0.25,0,Optimal,0.0079833,131.91,0
ABF-A,20,0.25,0.25,1,Optimal,0.00902718,32.8,0
ABF-A,20,0.25,0.25,2,Optimal,0.00919312,212.92,0
ABF-A,20,0.25,0.25,3,Optimal,0.00900318,183.79,0
ABF-A,20,0.25,0.25,4,Optimal,0.01326966,110.43,0
ABF-A,20,0.2,0.3,0,Optimal,0.00805353,193.54,0
ABF-A,20,0.2,0.3,1,Optimal,0.00826948,48.96,0
ABF-A,20,0.2,0.3,2,Optimal,0.00955705,454.92,0
ABF-A,20,0.2,0.3,3,Optimal,0.00872597,169.24,0
ABF-A,20,0.2,0.3,4,Optimal,0.01299047,87.65,0
ABF-A,20,0.125,0.375,0,Optimal,0.00901019,133.51,0
ABF-A,20,0.125,0.375,1,Optimal,0.00842054,44.8,0
ABF-A,20,0.125,0.375,2,Optimal,0.00936328,362.5,0
ABF-A,20,0.125,0.375,3,Optimal,0.00951433,145.1,0
ABF-A,20,0.125,0.375,4,Optimal,0.01195453,103.68,0
ABF-A,20,0.5,0.5,0,Time_limit,0.15618394,600.13,0
ABF-A,20,0.5,0.5,1,Time_limit,0.18031316,600.11,0
ABF-A,20,0.5,0.5,2,Time_limit,0.20279082,600.16,0
ABF-A,20,0.5,0.5,3,Time_limit,0.1564564,600.16,0
ABF-A,20,0.5,0.5,4,Time_limit,0.12882678,600.14,0
ABF-A,20,0.4,0.6,0,Time_limit,0.14733134,600.14,0
ABF-A,20,0.4,0.6,1,Time_limit,0.12569212,600.27,0
ABF-A,20,0.4,0.6,2,Time_limit,0.1869325,600.12,0
ABF-A,20,0.4,0.6,3,Time_limit,0.15662153,600.12,0
ABF-A,20,0.4,0.6,4,Time_limit,0.11217587,600.12,0
ABF-A,20,0.25,0.75,0,Time_limit,0.09140361,600.12,0
ABF-A,20,0.25,0.75,1,Time_limit,0.08090659,600.22,0
ABF-A,20,0.25,0.75,2,Time_limit,0.17066778,600.12,0
ABF-A,20,0.25,0.75,3,Time_limit,0.1451114,600.15,0
ABF-A,20,0.25,0.75,4,Time_limit,0.10233159,600.16,0
ABF-A,20,1.0,1.0,0,Time_limit,0.3962624,600.13,0
ABF-A,20,1.0,1.0,1,Time_limit,0.52717547,600.15,0
ABF-A,20,1.0,1.0,2,Time_limit,0.49474448,600.1,0
ABF-A,20,1.0,1.0,3,Time_limit,0.51702992,600.11,0
ABF-A,20,1.0,1.0,4,Time_limit,0.47778277,600.09,0
ABF-A,20,0.8,1.2,0,Time_limit,0.3940706,600.13,0
ABF-A,20,0.8,1.2,1,Time_limit,0.48528251,600.11,0
ABF-A,20,0.8,1.2,2,Time_limit,0.55950645,600.1,0
ABF-A,20,0.8,1.2,3,Time_limit,0.52564099,600.11,0
ABF-A,20,0.8,1.2,4,Time_limit,0.49398335,600.11,0
ABF-A,20,0.5,1.5,0,Time_limit,0.29349542,600.13,0
ABF-A,20,0.5,1.5,1,Time_limit,0.47988544,600.13,0
ABF-A,20,0.5,1.5,2,Time_limit,0.43963772,600.17,0
ABF-A,20,0.5,1.5,3,Time_limit,0.49115812,600.09,0
ABF-A,20,0.5,1.5,4,Time_limit,0.47077921,600.1,0
SBF,20,0.25,0.25,0,Time_limit,0.89076973,600.1,0
SBF,20,0.25,0.25,1,Time_limit,0.89748347,600.13,0
SBF,20,0.25,0.25,2,Time_limit,0.82354433,600.09,0
SBF,20,0.25,0.25,3,Time_limit,0.82820088,600.06,0
SBF,20,0.25,0.25,4,Time_limit,0.86858088,600.07,0
SBF,20,0.2,0.3,0,Time_limit,0.93039595,600.35,0
SBF,20,0.2,0.3,1,Time_limit,0.87951198,600.06,0
SBF,20,0.2,0.3,2,Time_limit,0.83645528,600.03,0
SBF,20,0.2,0.3,3,Time_limit,0.86012861,600.11,0
SBF,20,0.2,0.3,4,Time_limit,0.724767,600.1,0
SBF,20,0.125,0.375,0,Time_limit,0.89878705,600.08,0
SBF,20,0.125,0.375,1,Time_limit,0.81571379,600.08,0
SBF,20,0.125,0.375,2,Time_limit,0.79084029,600.13,0
SBF,20,0.125,0.375,3,Time_limit,0.8692226,600.03,0
SBF,20,0.125,0.375,4,Time_limit,0.70588319,600.14,0
SBF,20,0.5,0.5,0,Time_limit,0.88420669,600.09,0
SBF,20,0.5,0.5,1,Time_limit,0.70391228,600.11,0
SBF,20,0.5,0.5,2,Time_limit,0.74850608,600.13,0
SBF,20,0.5,0.5,3,Time_limit,0.8330704,600.04,0
SBF,20,0.5,0.5,4,Time_limit,0.73541785,600.07,0
SBF,20,0.4,0.6,0,Time_limit,0.57057651,600.1,0
SBF,20,0.4,0.6,1,Time_limit,0.68793905,600.1,0
SBF,20,0.4,0.6,2,Time_limit,0.91307638,600.13,0
SBF,20,0.4,0.6,3,Time_limit,0.83096859,600.03,0
SBF,20,0.4,0.6,4,Time_limit,0.87671543,600.14,0
SBF,20,0.25,0.75,0,Time_limit,0.90206761,600.08,0
SBF,20,0.25,0.75,1,Time_limit,0.71977432,600.04,0
SBF,20,0.25,0.75,2,Time_limit,0.75651358,600.08,0
SBF,20,0.25,0.75,3,Time_limit,0.93425658,600.08,0
SBF,20,0.25,0.75,4,Time_limit,0.88404968,600.08,0
SBF,20,1.0,1.0,0,Time_limit,0.5828249,600.25,0
SBF,20,1.0,1.0,1,Time_limit,0.91071514,600.09,0
SBF,20,1.0,1.0,2,Time_limit,0.65777988,600.06,0
SBF,20,1.0,1.0,3,Time_limit,0.85988516,600.08,0
SBF,20,1.0,1.0,4,Time_limit,0.88720904,600.11,0
SBF,20,0.8,1.2,0,Time_limit,0.77650027,600.07,0
SBF,20,0.8,1.2,1,Time_limit,0.6701738,600.11,0
SBF,20,0.8,1.2,2,Time_limit,0.81831168,600.08,0
SBF,20,0.8,1.2,3,Time_limit,0.92478101,600.17,0
SBF,20,0.8,1.2,4,Time_limit,0.88179189,600.08,0
SBF,20,0.5,1.5,0,Time_limit,0.85719207,600.03,0
SBF,20,0.5,1.5,1,Time_limit,0.62990221,600.09,0
SBF,20,0.5,1.5,2,Time_limit,0.72484776,600.08,0
SBF,20,0.5,1.5,3,Time_limit,0.9539637,600.16,0
SBF,20,0.5,1.5,4,Time_limit,0.58428606,600.08,0
SBF-A-D-enum,20,0.25,0.25,0,Time_limit,0.56951275,600.07,152
SBF-A-D-enum,20,0.25,0.25,1,Time_limit,0.34742272,600.05,150
SBF-A-D-enum,20,0.25,0.25,2,Time_limit,0.53472236,600.01,118
SBF-A-D-enum,20,0.25,0.25,3,Time_limit,0.64465445,600.08,130
SBF-A-D-enum,20,0.25,0.25,4,Time_limit,0.4624843,600.02,154
SBF-A-D-enum,20,0.2,0.3,0,Time_limit,0.59175952,600.05,88
SBF-A-D-enum,20,0.2,0.3,1,Time_limit,0.38356448,600.03,84
SBF-A-D-enum,20,0.2,0.3,2,Time_limit,0.4391776,600.02,152
SBF-A-D-enum,20,0.2,0.3,3,Time_limit,0.669048,600.03,98
SBF-A-D-enum,20,0.2,0.3,4,Time_limit,0.51061062,600.05,142
SBF-A-D-enum,20,0.125,0.375,0,Time_limit,0.45304478,600.03,184
SBF-A-D-enum,20,0.125,0.375,1,Time_limit,0.60065832,600.04,350
SBF-A-D-enum,20,0.125,0.375,2,Time_limit,0.54995213,600.02,170
SBF-A-D-enum,20,0.125,0.375,3,Time_limit,0.54721486,600.04,486
SBF-A-D-enum,20,0.125,0.375,4,Time_limit,0.6143607,600.04,334
SBF-A-D-enum,20,0.5,0.5,0,Time_limit,0.53476569,600.03,116
SBF-A-D-enum,20,0.5,0.5,1,Time_limit,0.39342842,600.05,174
SBF-A-D-enum,20,0.5,0.5,2,Time_limit,0.61636522,600.09,294
SBF-A-D-enum,20,0.5,0.5,3,Time_limit,0.47034942,600.03,84
SBF-A-D-enum,20,0.5,0.5,4,Time_limit,0.62494702,600.04,244
SBF-A-D-enum,20,0.4,0.6,0,Time_limit,0.55543147,600.02,420
SBF-A-D-enum,20,0.4,0.6,1,Time_limit,0.54685609,600.04,330
SBF-A-D-enum,20,0.4,0.6,2,Time_limit,0.59607053,600.08,170
SBF-A-D-enum,20,0.4,0.6,3,Time_limit,0.63836188,600.05,170
SBF-A-D-enum,20,0.4,0.6,4,Time_limit,0.55630296,600.09,146
SBF-A-D-enum,20,0.25,0.75,0,Time_limit,0.55921392,600.04,206
SBF-A-D-enum,20,0.25,0.75,1,Time_limit,0.52840784,600.03,164
SBF-A-D-enum,20,0.25,0.75,2,Time_limit,0.62661322,600.04,164
SBF-A-D-enum,20,0.25,0.75,3,Time_limit,0.60803919,600.09,408
SBF-A-D-enum,20,0.25,0.75,4,Time_limit,0.62512266,600.05,172
SBF-A-D-enum,20,1.0,1.0,0,Time_limit,0.3082093,600.06,268
SBF-A-D-enum,20,1.0,1.0,1,Time_limit,0.63518965,600.06,698
SBF-A-D-enum,20,1.0,1.0,2,Time_limit,0.46796539,600.02,926
SBF-A-D-enum,20,1.0,1.0,3,Time_limit,0.5084184,600.02,174
SBF-A-D-enum,20,1.0,1.0,4,Time_limit,0.55488194,600.02,90
SBF-A-D-enum,20,0.8,1.2,0,Time_limit,0.47286962,600.03,418
SBF-A-D-enum,20,0.8,1.2,1,Time_limit,0.67517396,600.01,674
SBF-A-D-enum,20,0.8,1.2,2,Time_limit,0.54230187,600.02,392
SBF-A-D-enum,20,0.8,1.2,3,Time_limit,0.50840115,600.01,162
SBF-A-D-enum,20,0.8,1.2,4,Time_limit,0.50578378,600.01,112
SBF-A-D-enum,20,0.5,1.5,0,Time_limit,0.43190815,600.01,566
SBF-A-D-enum,20,0.5,1.5,1,Time_limit,0.65338985,600.06,1084
SBF-A-D-enum,20,0.5,1.5,2,Time_limit,0.39804082,600.03,538
SBF-A-D-enum,20,0.5,1.5,3,Time_limit,0.56812073,600.06,746
SBF-A-D-enum,20,0.5,1.5,4,Time_limit,0.60976924,600.04,316
SBF-D-enum,20,0.25,0.25,0,Time_limit,0.97112504,600.3,1768
SBF-D-enum,20,0.25,0.25,1,Time_limit,1.0,600.74,1779
SBF-D-enum,20,0.25,0.25,2,Time_limit,1.0,601.44,1852
SBF-D-enum,20,0.25,0.25,3,Time_limit,1.0,600.71,1759
SBF-D-enum,20,0.25,0.25,4,Time_limit,1.0,600.32,1581
SBF-D-enum,20,0.2,0.3,0,Time_limit,0.96391478,600.15,1879
SBF-D-enum,20,0.2,0.3,1,Time_limit,1.0,600.61,1640
SBF-D-enum,20,0.2,0.3,2,Time_limit,1.0,600.11,1707
SBF-D-enum,20,0.2,0.3,3,Time_limit,1.0,600.8,1758
SBF-D-enum,20,0.2,0.3,4,Time_limit,0.99482926,600.62,1823
SBF-D-enum,20,0.125,0.375,0,Time_limit,0.95881172,600.12,1752
SBF-D-enum,20,0.125,0.375,1,Time_limit,1.0,600.91,1787
SBF-D-enum,20,0.125,0.375,2,Time_limit,1.0,600.18,1710
SBF-D-enum,20,0.125,0.375,3,Time_limit,1.0,600.6,1758
SBF-D-enum,20,0.125,0.375,4,Time_limit,1.0,600.78,1780
SBF-D-enum,20,0.5,0.5,0,Time_limit,1.0,600.22,1744
SBF-D-enum,20,0.5,0.5,1,Time_limit,1.0,600.7,1849
SBF-D-enum,20,0.5,0.5,2,Time_limit,1.0,600.18,1972
SBF-D-enum,20,0.5,0.5,3,Time_limit,1.0,600.62,1832
SBF-D-enum,20,0.5,0.5,4,Time_limit,1.0,600.78,1812
SBF-D-enum,20,0.4,0.6,0,Time_limit,1.0,600.63,1949
SBF-D-enum,20,0.4,0.6,1,Time_limit,1.0,600.49,1629
SBF-D-enum,20,0.4,0.6,2,Time_limit,1.0,600.32,2099
SBF-D-enum,20,0.4,0.6,3,Time_limit,1.0,600.39,1753
SBF-D-enum,20,0.4,0.6,4,Time_limit,1.0,600.39,1988
SBF-D-enum,20,0.25,0.75,0,Time_limit,0.9911547,600.45,2060
SBF-D-enum,20,0.25,0.75,1,Time_limit,1.0,600.66,1776
SBF-D-enum,20,0.25,0.75,2,Time_limit,1.0,600.04,1807
SBF-D-enum,20,0.25,0.75,3,Time_limit,1.0,600.15,1803
SBF-D-enum,20,0.25,0.75,4,Time_limit,1.0,600.61,1840
SBF-D-enum,20,1.0,1.0,0,Time_limit,1.0,600.58,1991
SBF-D-enum,20,1.0,1.0,1,Time_limit,1.0,601.61,2417
SBF-D-enum,20,1.0,1.0,2,Time_limit,1.0,600.53,2658
SBF-D-enum,20,1.0,1.0,3,Time_limit,1.0,600.31,2631
SBF-D-enum,20,1.0,1.0,4,Time_limit,1.0,600.46,2316
SBF-D-enum,20,0.8,1.2,0,Time_limit,1.0,600.31,2386
SBF-D-enum,20,0.8,1.2,1,Time_limit,1.0,600.68,2350
SBF-D-enum,20,0.8,1.2,2,Time_limit,1.0,600.78,2809
SBF-D-enum,20,0.8,1.2,3,Time_limit,1.0,600.18,2294
SBF-D-enum,20,0.8,1.2,4,Time_limit,1.0,600.65,2353
SBF-D-enum,20,0.5,1.5,0,Time_limit,1.0,600.26,2353
SBF-D-enum,20,0.5,1.5,1,Time_limit,1.0,600.24,2303
SBF-D-enum,20,0.5,1.5,2,Time_limit,1.0,600.2,2615
SBF-D-enum,20,0.5,1.5,3,Time_limit,1.0,600.56,2456
SBF-D-enum,20,0.5,1.5,4,Time_limit,1.0,600.59,2284
SBF-A,20,0.25,0.25,0,Time_limit,0.2032584,600.09,0
SBF-A,20,0.25,0.25,1,Time_limit,0.41012726,600.06,0
SBF-A,20,0.25,0.25,2,Time_limit,0.31500491,600.02,0
SBF-A,20,0.25,0.25,3,Time_limit,0.34047014,600.04,0
SBF-A,20,0.25,0.25,4,Time_limit,0.48607691,600.04,0
SBF-A,20,0.2,0.3,0,Time_limit,0.25397586,600.04,0
SBF-A,20,0.2,0.3,1,Time_limit,0.38792336,600.05,0
SBF-A,20,0.2,0.3,2,Time_limit,0.25519576,600.06,0
SBF-A,20,0.2,0.3,3,Time_limit,0.34932117,600.04,0
SBF-A,20,0.2,0.3,4,Time_limit,0.47162547,600.04,0
SBF-A,20,0.125,0.375,0,Time_limit,0.28306565,600.04,0
SBF-A,20,0.125,0.375,1,Time_limit,0.38852532,600.03,0
SBF-A,20,0.125,0.375,2,Time_limit,0.25445802,600.06,0
SBF-A,20,0.125,0.375,3,Time_limit,0.42310273,600.04,0
SBF-A,20,0.125,0.375,4,Time_limit,0.435935,600.05,0
SBF-A,20,0.5,0.5,0,Time_limit,0.15128615,600.06,0
SBF-A,20,0.5,0.5,1,Time_limit,0.33493481,600.07,0
SBF-A,20,0.5,0.5,2,Time_limit,0.29173064,600.04,0
SBF-A,20,0.5,0.5,3,Time_limit,0.23578353,600.07,0
SBF-A,20,0.5,0.5,4,Time_limit,0.40807287,600.05,0
SBF-A,20,0.4,0.6,0,Time_limit,0.22452957,600.09,0
SBF-A,20,0.4,0.6,1,Time_limit,0.32854876,600.07,0
SBF-A,20,0.4,0.6,2,Time_limit,0.20050261,600.04,0
SBF-A,20,0.4,0.6,3,Time_limit,0.30319311,600.04,0
SBF-A,20,0.4,0.6,4,Time_limit,0.4087024,600.06,0
SBF-A,20,0.25,0.75,0,Time_limit,0.45462844,600.05,0
SBF-A,20,0.25,0.75,1,Time_limit,0.37588305,600.06,0
SBF-A,20,0.25,0.75,2,Time_limit,0.1853582,600.12,0
SBF-A,20,0.25,0.75,3,Time_limit,0.23822343,600.04,0
SBF-A,20,0.25,0.75,4,Time_limit,0.47295288,600.08,0
SBF-A,20,1.0,1.0,0,Time_limit,0.06535332,600.05,0
SBF-A,20,1.0,1.0,1,Time_limit,0.41095249,600.05,0
SBF-A,20,1.0,1.0,2,Time_limit,0.13007901,600.03,0
SBF-A,20,1.0,1.0,3,Time_limit,0.10374241,600.02,0
SBF-A,20,1.0,1.0,4,Time_limit,0.4620987,600.08,0
SBF-A,20,0.8,1.2,0,Time_limit,0.0537335,600.1,0
SBF-A,20,0.8,1.2,1,Time_limit,0.40142858,600.07,0
SBF-A,20,0.8,1.2,2,Time_limit,0.16310699,600.04,0
SBF-A,20,0.8,1.2,3,Time_limit,0.18413308,600.04,0
SBF-A,20,0.8,1.2,4,Time_limit,0.3205183,600.06,0
SBF-A,20,0.5,1.5,0,Time_limit,0.06584704,600.07,0
SBF-A,20,0.5,1.5,1,Time_limit,0.34043752,600.06,0
SBF-A,20,0.5,1.5,2,Time_limit,0.1782303,600.02,0
SBF-A,20,0.5,1.5,3,Time_limit,0.23164379,600.06,0
SBF-A,20,0.5,1.5,4,Time_limit,0.52753053,600.05,0
SBF-A-D-dual,10,0.25,0.25,0,Optimal,0.0,5.06,131
SBF-A-D-dual,10,0.25,0.25,1,Optimal,0.0,4.74,135
SBF-A-D-dual,10,0.25,0.25,2,Optimal,0.0,2.29,44
SBF-A-D-dual,10,0.25,0.25,3,Optimal,0.0,4.73,177
SBF-A-D-dual,10,0.25,0.25,4,Optimal,0.0,2.01,41
SBF-A-D-dual,10,0.2,0.3,0,Optimal,0.0,3.87,130
SBF-A-D-dual,10,0.2,0.3,1,Optimal,0.0,3.21,43
SBF-A-D-dual,10,0.2,0.3,2,Optimal,0.0,2.97,35
SBF-A-D-dual,10,0.2,0.3,3,Optimal,0.0,3.15,91
SBF-A-D-dual,10,0.2,0.3,4,Optimal,0.0,3.01,83
SBF-A-D-dual,10,0.125,0.375,0,Optimal,0.0,5.42,185
SBF-A-D-dual,10,0.125,0.375,1,Optimal,0.0,4.2,107
SBF-A-D-dual,10,0.125,0.375,2,Optimal,0.0,2.94,55
SBF-A-D-dual,10,0.125,0.375,3,Optimal,0.0,3.61,87
SBF-A-D-dual,10,0.125,0.375,4,Optimal,0.0,2.49,29
SBF-A-D-dual,10,0.5,0.5,0,Optimal,0.0,4.25,81
SBF-A-D-dual,10,0.5,0.5,1,Optimal,0.0,4.83,187
SBF-A-D-dual,10,0.5,0.5,2,Optimal,0.0,4.34,92
SBF-A-D-dual,10,0.5,0.5,3,Optimal,0.0,3.14,58
SBF-A-D-dual,10,0.5,0.5,4,Optimal,0.0,2.44,24
SBF-A-D-dual,10,0.4,0.6,0,Optimal,0.0,2.95,95
SBF-A-D-dual,10,0.4,0.6,1,Optimal,0.0,2.92,27
SBF-A-D-dual,10,0.4,0.6,2,Optimal,0.0,3.76,26
SBF-A-D-dual,10,0.4,0.6,3,Optimal,0.0,4.8,196
SBF-A-D-dual,10,0.4,0.6,4,Optimal,0.0,1.6,56
SBF-A-D-dual,10,0.25,0.75,0,Optimal,0.0,6.42,151
SBF-A-D-dual,10,0.25,0.75,1,Optimal,0.0,7.46,71
SBF-A-D-dual,10,0.25,0.75,2,Optimal,0.0,4.82,112
SBF-A-D-dual,10,0.25,0.75,3,Optimal,0.0,2.83,43
SBF-A-D-dual,10,0.25,0.75,4,Optimal,0.0,3.44,94
SBF-A-D-dual,10,1.0,1.0,0,Optimal,0.0,9.15,377
SBF-A-D-dual,10,1.0,1.0,1,Optimal,0.0,5.14,116
SBF-A-D-dual,10,1.0,1.0,2,Optimal,0.0,8.01,294
SBF-A-D-dual,10,1.0,1.0,3,Optimal,0.0,2.93,51
SBF-A-D-dual,10,1.0,1.0,4,Optimal,0.0,0.71,52
SBF-A-D-dual,10,0.8,1.2,0,Optimal,0.0,6.07,218
SBF-A-D-dual,10,0.8,1.2,1,Optimal,0.0,4.22,76
SBF-A-D-dual,10,0.8,1.2,2,Optimal,0.0,5.9,144
SBF-A-D-dual,10,0.8,1.2,3,Optimal,0.0,5.14,150
SBF-A-D-dual,10,0.8,1.2,4,Optimal,0.0,0.74,28
SBF-A-D-dual,10,0.5,1.5,0,Optimal,0.0,7.92,290
SBF-A-D-dual,10,0.5,1.5,1,Optimal,0.0,9.75,329
SBF-A-D-dual,10,0.5,1.5,2,Optimal,0.0,4.54,133
SBF-A-D-dual,10,0.5,1.5,3,Optimal,0.0,3.71,121
SBF-A-D-dual,10,0.5,1.5,4,Optimal,0.0,0.9,57
SBF-A-D-dual,15,0.25,0.25,0,Optimal,0.0,130.0,103
SBF-A-D-dual,15,0.25,0.25,1,Time_limit,0.09110346,600.03,547
SBF-A-D-dual,15,0.25,0.25,2,Optimal,0.0,72.07,353
SBF-A-D-dual,15,0.25,0.25,3,Optimal,0.0,424.07,118
SBF-A-D-dual,15,0.25,0.25,4,Optimal,0.0,97.73,124
SBF-A-D-dual,15,0.2,0.3,0,Optimal,0.0,169.68,306
SBF-A-D-dual,15,0.2,0.3,1,Optimal,0.0,442.68,225
SBF-A-D-dual,15,0.2,0.3,2,Optimal,0.0,237.22,1060
SBF-A-D-dual,15,0.2,0.3,3,Time_limit,0.22629035,600.02,263
SBF-A-D-dual,15,0.2,0.3,4,Optimal,0.0,161.54,79
SBF-A-D-dual,15,0.125,0.375,0,Optimal,0.0,159.03,230
SBF-A-D-dual,15,0.125,0.375,1,Time_limit,0.21350672,600.04,394
SBF-A-D-dual,15,0.125,0.375,2,Optimal,0.0,70.87,256
SBF-A-D-dual,15,0.125,0.375,3,Time_limit,0.14678527,600.02,145
SBF-A-D-dual,15,0.125,0.375,4,Optimal,0.0,48.02,91
SBF-A-D-dual,15,0.5,0.5,0,Optimal,0.0,160.92,93
SBF-A-D-dual,15,0.5,0.5,1,Optimal,0.0,273.36,281
SBF-A-D-dual,15,0.5,0.5,2,Optimal,0.0,69.25,418
SBF-A-D-dual,15,0.5,0.5,3,Time_limit,0.08744536,600.02,188
SBF-A-D-dual,15,0.5,0.5,4,Optimal,0.0,123.43,157
SBF-A-D-dual,15,0.4,0.6,0,Optimal,0.0,489.51,508
SBF-A-D-dual,15,0.4,0.6,1,Optimal,0.0,363.04,718
SBF-A-D-dual,15,0.4,0.6,2,Optimal,0.0,149.64,503
SBF-A-D-dual,15,0.4,0.6,3,Time_limit,0.18199752,600.03,755
SBF-A-D-dual,15,0.4,0.6,4,Optimal,0.0,321.68,560
SBF-A-D-dual,15,0.25,0.75,0,Optimal,0.0,305.04,182
SBF-A-D-dual,15,0.25,0.75,1,Time_limit,0.15027981,600.08,592
SBF-A-D-dual,15,0.25,0.75,2,Optimal,0.0,110.31,171
SBF-A-D-dual,15,0.25,0.75,3,Optimal,0.0,281.28,209
SBF-A-D-dual,15,0.25,0.75,4,Optimal,0.0,196.38,208
SBF-A-D-dual,15,1.0,1.0,0,Optimal,0.0,131.65,537
SBF-A-D-dual,15,1.0,1.0,1,Optimal,0.0,320.64,551
SBF-A-D-dual,15,1.0,1.0,2,Optimal,0.0,72.8,639
SBF-A-D-dual,15,1.0,1.0,3,Optimal,0.0,576.6,395
SBF-A-D-dual,15,1.0,1.0,4,Optimal,0.0,515.04,725
SBF-A-D-dual,15,0.8,1.2,0,Optimal,0.0,145.36,354
SBF-A-D-dual,15,0.8,1.2,1,Optimal,0.0,316.23,233
SBF-A-D-dual,15,0.8,1.2,2,Optimal,0.0,199.27,517
SBF-A-D-dual,15,0.8,1.2,3,Optimal,7.756e-05,329.62,514
SBF-A-D-dual,15,0.8,1.2,4,Optimal,0.0,156.67,183
SBF-A-D-dual,15,0.5,1.5,0,Optimal,0.0,175.22,377
SBF-A-D-dual,15,0.5,1.5,1,Time_limit,0.14290867,600.03,872
SBF-A-D-dual,15,0.5,1.5,2,Optimal,0.0,84.71,571
SBF-A-D-dual,15,0.5,1.5,3,Time_limit,0.03797608,600.05,476
SBF-A-D-dual,15,0.5,1.5,4,Optimal,0.0,151.29,114
SBF-A-D-dual,20,0.25,0.25,0,Time_limit,0.61042609,600.02,78
SBF-A-D-dual,20,0.25,0.25,1,Time_limit,0.5494678,600.02,170
SBF-A-D-dual,20,0.25,0.25,2,Time_limit,0.49644173,600.01,50
SBF-A-D-dual,20,0.25,0.25,3,Time_limit,0.63221741,600.03,53
SBF-A-D-dual,20,0.25,0.25,4,Time_limit,0.57214229,600.01,54
SBF-A-D-dual,20,0.2,0.3,0,Time_limit,0.63247785,600.04,61
SBF-A-D-dual,20,0.2,0.3,1,Time_limit,0.51810515,600.03,144
SBF-A-D-dual,20,0.2,0.3,2,Time_limit,0.50515881,600.03,86
SBF-A-D-dual,20,0.2,0.3,3,Time_limit,0.5859136,600.01,45
SBF-A-D-dual,20,0.2,0.3,4,Time_limit,0.56724022,600.01,72
SBF-A-D-dual,20,0.125,0.375,0,Time_limit,0.61779025,600.09,135
SBF-A-D-dual,20,0.125,0.375,1,Time_limit,0.58935712,600.03,123
SBF-A-D-dual,20,0.125,0.375,2,Time_limit,0.44680609,600.02,74
SBF-A-D-dual,20,0.125,0.375,3,Time_limit,0.57843152,600.04,48
SBF-A-D-dual,20,0.125,0.375,4,Time_limit,0.52807833,600.02,56
SBF-A-D-dual,20,0.5,0.5,0,Time_limit,0.52774685,600.04,88
SBF-A-D-dual,20,0.5,0.5,1,Time_limit,0.51638872,600.05,99
SBF-A-D-dual,20,0.5,0.5,2,Time_limit,0.59164297,600.04,81
SBF-A-D-dual,20,0.5,0.5,3,Time_limit,0.63954974,600.07,53
SBF-A-D-dual,20,0.5,0.5,4,Time_limit,0.65781224,600.04,92
SBF-A-D-dual,20,0.4,0.6,0,Time_limit,0.55373623,600.0,76
SBF-A-D-dual,20,0.4,0.6,1,Time_limit,0.45893051,600.03,100
SBF-A-D-dual,20,0.4,0.6,2,Time_limit,0.64609792,600.01,99
SBF-A-D-dual,20,0.4,0.6,3,Time_limit,0.52727013,600.03,77
SBF-A-D-dual,20,0.4,0.6,4,Time_limit,0.5838729,600.02,88
SBF-A-D-dual,20,0.25,0.75,0,Time_limit,0.56355917,600.05,249
SBF-A-D-dual,20,0.25,0.75,1,Time_limit,0.56569251,600.04,100
SBF-A-D-dual,20,0.25,0.75,2,Time_limit,0.58909356,600.02,82
SBF-A-D-dual,20,0.25,0.75,3,Time_limit,0.56290551,600.03,78
SBF-A-D-dual,20,0.25,0.75,4,Time_limit,0.58016411,600.01,86
SBF-A-D-dual,20,1.0,1.0,0,Time_limit,0.31377021,600.02,92
SBF-A-D-dual,20,1.0,1.0,1,Time_limit,0.560052,600.01,142
SBF-A-D-dual,20,1.0,1.0,2,Time_limit,0.40746679,600.02,336
SBF-A-D-dual,20,1.0,1.0,3,Time_limit,0.23782888,600.05,133
SBF-A-D-dual,20,1.0,1.0,4,Time_limit,0.66015387,600.02,105
SBF-A-D-dual,20,0.8,1.2,0,Time_limit,0.30345498,600.03,71
SBF-A-D-dual,20,0.8,1.2,1,Time_limit,0.4756343,600.03,138
SBF-A-D-dual,20,0.8,1.2,2,Time_limit,0.52125898,600.02,161
SBF-A-D-dual,20,0.8,1.2,3,Time_limit,0.28033117,600.04,125
SBF-A-D-dual,20,0.8,1.2,4,Time_limit,0.64298561,600.02,121
SBF-A-D-dual,20,0.5,1.5,0,Time_limit,0.54414271,600.02,55
SBF-A-D-dual,20,0.5,1.5,1,Time_limit,0.57473942,600.05,224
SBF-A-D-dual,20,0.5,1.5,2,Time_limit,0.47346777,600.01,144
SBF-A-D-dual,20,0.5,1.5,3,Time_limit,0.37475319,600.03,107
SBF-A-D-dual,20,0.5,1.5,4,Time_limit,0.66382876,600.03,99
SBF-A-D-DE,10,0.25,0.25,0,Optimal,0.0,2.87,276
SBF-A-D-DE,10,0.25,0.25,1,Optimal,0.0,2.94,102
SBF-A-D-DE,10,0.25,0.25,2,Optimal,0.0,3.67,333
SBF-A-D-DE,10,0.25,0.25,3,Optimal,0.0,2.67,138
SBF-A-D-DE,10,0.25,0.25,4,Optimal,0.0,1.6,129
SBF-A-D-DE,10,0.2,0.3,0,Optimal,0.0,2.18,201
SBF-A-D-DE,10,0.2,0.3,1,Optimal,0.0,4.16,327
SBF-A-D-DE,10,0.2,0.3,2,Optimal,0.0,2.79,144
SBF-A-D-DE,10,0.2,0.3,3,Optimal,0.0,1.75,81
SBF-A-D-DE,10,0.2,0.3,4,Optimal,0.0,1.78,123
SBF-A-D-DE,10,0.125,0.375,0,Optimal,0.0,5.5,513
SBF-A-D-DE,10,0.125,0.375,1,Optimal,0.0,3.09,114
SBF-A-D-DE,10,0.125,0.375,2,Optimal,0.0,3.94,249
SBF-A-D-DE,10,0.125,0.375,3,Optimal,0.0,2.22,99
SBF-A-D-DE,10,0.125,0.375,4,Optimal,0.0,1.42,129
SBF-A-D-DE,10,0.5,0.5,0,Optimal,0.0,3.62,126
SBF-A-D-DE,10,0.5,0.5,1,Optimal,0.0,3.63,156
SBF-A-D-DE,10,0.5,0.5,2,Optimal,0.0,2.79,39
SBF-A-D-DE,10,0.5,0.5,3,Optimal,0.0,3.05,336
SBF-A-D-DE,10,0.5,0.5,4,Optimal,0.0,4.05,396
SBF-A-D-DE,10,0.4,0.6,0,Optimal,0.0,4.66,222
SBF-A-D-DE,10,0.4,0.6,1,Optimal,0.0,3.29,120
SBF-A-D-DE,10,0.4,0.6,2,Optimal,0.0,4.37,165
SBF-A-D-DE,10,0.4,0.6,3,Optimal,0.0,2.36,162
SBF-A-D-DE,10,0.4,0.6,4,Optimal,0.0,4.01,348
SBF-A-D-DE,10,0.25,0.75,0,Optimal,0.0,3.99,81
SBF-A-D-DE,10,0.25,0.75,1,Optimal,0.0,3.96,129
SBF-A-D-DE,10,0.25,0.75,2,Optimal,0.0,4.41,162
SBF-A-D-DE,10,0.25,0.75,3,Optimal,8.619e-05,5.59,537
SBF-A-D-DE,10,0.25,0.75,4,Optimal,0.0,1.94,186
SBF-A-D-DE,10,1.0,1.0,0,Optimal,0.0,6.74,576
SBF-A-D-DE,10,1.0,1.0,1,Optimal,0.0,5.3,279
SBF-A-D-DE,10,1.0,1.0,2,Optimal,0.0,7.53,435
SBF-A-D-DE,10,1.0,1.0,3,Optimal,0.0,2.18,120
SBF-A-D-DE,10,1.0,1.0,4,Optimal,0.0,3.53,711
SBF-A-D-DE,10,0.8,1.2,0,Optimal,0.0,6.75,423
SBF-A-D-DE,10,0.8,1.2,1,Optimal,0.0,5.5,279
SBF-A-D-DE,10,0.8,1.2,2,Optimal,0.0,5.24,210
SBF-A-D-DE,10,0.8,1.2,3,Optimal,0.0,3.93,315
SBF-A-D-DE,10,0.8,1.2,4,Optimal,0.0,1.67,387
SBF-A-D-DE,10,0.5,1.5,0,Optimal,0.0,7.38,651
SBF-A-D-DE,10,0.5,1.5,1,Optimal,0.0,8.93,654
SBF-A-D-DE,10,0.5,1.5,2,Optimal,0.0,4.75,267
SBF-A-D-DE,10,0.5,1.5,3,Optimal,0.0,3.22,477
SBF-A-D-DE,10,0.5,1.5,4,Optimal,0.0,1.04,144
SBF-A-D-DE,15,0.25,0.25,0,Optimal,0.0,314.61,1479
SBF-A-D-DE,15,0.25,0.25,1,Optimal,0.0,213.06,639
SBF-A-D-DE,15,0.25,0.25,2,Optimal,0.0,59.15,942
SBF-A-D-DE,15,0.25,0.25,3,Optimal,0.0,178.66,207
SBF-A-D-DE,15,0.25,0.25,4,Optimal,0.0,154.08,549
SBF-A-D-DE,15,0.2,0.3,0,Optimal,0.0,166.69,90
SBF-A-D-DE,15,0.2,0.3,1,Optimal,0.0,395.83,312
SBF-A-D-DE,15,0.2,0.3,2,Optimal,0.0,174.85,2097
SBF-A-D-DE,15,0.2,0.3,3,Time_limit,0.04608288,600.05,864
SBF-A-D-DE,15,0.2,0.3,4,Optimal,0.0,115.17,246
SBF-A-D-DE,15,0.125,0.375,0,Optimal,0.0,420.21,543
SBF-A-D-DE,15,0.125,0.375,1,Time_limit,0.18795409,600.03,999
SBF-A-D-DE,15,0.125,0.375,2,Optimal,0.0,57.61,453
SBF-A-D-DE,15,0.125,0.375,3,Time_limit,0.27315612,600.03,750
SBF-A-D-DE,15,0.125,0.375,4,Optimal,0.0,142.57,369
SBF-A-D-DE,15,0.5,0.5,0,Optimal,0.0,128.34,180
SBF-A-D-DE,15,0.5,0.5,1,Optimal,0.0,215.83,321
SBF-A-D-DE,15,0.5,0.5,2,Optimal,0.0,138.79,1662
SBF-A-D-DE,15,0.5,0.5,3,Time_limit,0.15657913,600.03,309
SBF-A-D-DE,15,0.5,0.5,4,Optimal,0.0,88.36,102
SBF-A-D-DE,15,0.4,0.6,0,Optimal,0.0,235.1,1011
SBF-A-D-DE,15,0.4,0.6,1,Optimal,0.0,166.42,546
SBF-A-D-DE,15,0.4,0.6,2,Optimal,0.0,119.67,612
SBF-A-D-DE,15,0.4,0.6,3,Time_limit,0.28490323,600.02,666
SBF-A-D-DE,15,0.4,0.6,4,Optimal,0.0,273.47,756
SBF-A-D-DE,15,0.25,0.75,0,Time_limit,0.17885575,600.06,1665
SBF-A-D-DE,15,0.25,0.75,1,Time_limit,0.30206373,600.06,1602
SBF-A-D-DE,15,0.25,0.75,2,Optimal,0.0,86.33,636
SBF-A-D-DE,15,0.25,0.75,3,Time_limit,0.13574647,600.01,504
SBF-A-D-DE,15,0.25,0.75,4,Optimal,0.0,71.44,189
SBF-A-D-DE,15,1.0,1.0,0,Optimal,0.0,150.5,771
SBF-A-D-DE,15,1.0,1.0,1,Time_limit,0.07433999,600.08,2097
SBF-A-D-DE,15,1.0,1.0,2,Optimal,0.0,149.69,1893
SBF-A-D-DE,15,1.0,1.0,3,Optimal,0.0,546.4,1398
SBF-A-D-DE,15,1.0,1.0,4,Optimal,0.0,338.63,1050
SBF-A-D-DE,15,0.8,1.2,0,Optimal,0.0,129.96,1128
SBF-A-D-DE,15,0.8,1.2,1,Optimal,0.0,575.33,1872
SBF-A-D-DE,15,0.8,1.2,2,Optimal,0.0,150.15,1098
SBF-A-D-DE,15,0.8,1.2,3,Time_limit,0.08443236,600.02,399
SBF-A-D-DE,15,0.8,1.2,4,Optimal,0.0,113.3,156
SBF-A-D-DE,15,0.5,1.5,0,Optimal,0.0,572.78,966
SBF-A-D-DE,15,0.5,1.5,1,Time_limit,0.19897698,600.06,1365
SBF-A-D-DE,15,0.5,1.5,2,Optimal,0.0,109.07,894
SBF-A-D-DE,15,0.5,1.5,3,Time_limit,0.25615732,600.03,453
SBF-A-D-DE,15,0.5,1.5,4,Optimal,0.0,407.52,657
SBF-A-D-DE,20,0.25,0.25,0,Time_limit,0.6061954,600.03,372
SBF-A-D-DE,20,0.25,0.25,1,Time_limit,0.38970129,600.04,486
SBF-A-D-DE,20,0.25,0.25,2,Time_limit,0.57264443,600.01,153
SBF-A-D-DE,20,0.25,0.25,3,Time_limit,0.61456246,600.02,369
SBF-A-D-DE,20,0.25,0.25,4,Time_limit,0.61658056,600.04,291
SBF-A-D-DE,20,0.2,0.3,0,Time_limit,0.62035101,600.08,147
SBF-A-D-DE,20,0.2,0.3,1,Time_limit,0.56301882,600.05,219
SBF-A-D-DE,20,0.2,0.3,2,Time_limit,0.4905713,600.01,177
SBF-A-D-DE,20,0.2,0.3,3,Time_limit,0.65659749,600.48,675
SBF-A-D-DE,20,0.2,0.3,4,Time_limit,0.5477346,600.03,132
SBF-A-D-DE,20,0.125,0.375,0,Time_limit,0.62141076,600.06,129
SBF-A-D-DE,20,0.125,0.375,1,Time_limit,0.61501655,600.05,579
SBF-A-D-DE,20,0.125,0.375,2,Time_limit,0.59972086,600.04,297
SBF-A-D-DE,20,0.125,0.375,3,Time_limit,0.54772846,600.01,63
SBF-A-D-DE,20,0.125,0.375,4,Time_limit,0.66072369,600.02,267
SBF-A-D-DE,20,0.5,0.5,0,Time_limit,0.61911937,600.03,207
SBF-A-D-DE,20,0.5,0.5,1,Time_limit,0.48715407,600.01,192
SBF-A-D-DE,20,0.5,0.5,2,Time_limit,0.57130266,600.01,207
SBF-A-D-DE,20,0.5,0.5,3,Time_limit,0.59404358,600.05,231
SBF-A-D-DE,20,0.5,0.5,4,Time_limit,0.55059555,600.02,180
SBF-A-D-DE,20,0.4,0.6,0,Time_limit,0.62643939,600.08,795
SBF-A-D-DE,20,0.4,0.6,1,Time_limit,0.45819526,600.04,171
SBF-A-D-DE,20,0.4,0.6,2,Time_limit,0.67762752,600.04,339
SBF-A-D-DE,20,0.4,0.6,3,Time_limit,0.64546209,600.03,192
SBF-A-D-DE,20,0.4,0.6,4,Time_limit,0.70133237,600.05,555
SBF-A-D-DE,20,0.25,0.75,0,Time_limit,0.42785635,600.01,306
SBF-A-D-DE,20,0.25,0.75,1,Time_limit,0.63303174,600.05,354
SBF-A-D-DE,20,0.25,0.75,2,Time_limit,0.69931468,600.05,318
SBF-A-D-DE,20,0.25,0.75,3,Time_limit,0.69966928,600.03,387
SBF-A-D-DE,20,0.25,0.75,4,Time_limit,0.60994733,600.05,207
SBF-A-D-DE,20,1.0,1.0,0,Time_limit,0.57868552,600.01,315
SBF-A-D-DE,20,1.0,1.0,1,Time_limit,0.7289849,600.08,597
SBF-A-D-DE,20,1.0,1.0,2,Time_limit,0.40321651,600.02,195
SBF-A-D-DE,20,1.0,1.0,3,Time_limit,0.53706008,600.04,1083
SBF-A-D-DE,20,1.0,1.0,4,Time_limit,0.63645999,600.14,258
SBF-A-D-DE,20,0.8,1.2,0,Time_limit,0.5396265,600.02,360
SBF-A-D-DE,20,0.8,1.2,1,Time_limit,0.67064529,600.03,186
SBF-A-D-DE,20,0.8,1.2,2,Time_limit,0.55505431,600.02,348
SBF-A-D-DE,20,0.8,1.2,3,Time_limit,0.66497054,600.02,504
SBF-A-D-DE,20,0.8,1.2,4,Time_limit,0.60188258,600.01,231
SBF-A-D-DE,20,0.5,1.5,0,Time_limit,0.31595625,600.05,567
SBF-A-D-DE,20,0.5,1.5,1,Time_limit,0.75092583,600.05,594
SBF-A-D-DE,20,0.5,1.5,2,Time_limit,0.23868823,600.02,270
SBF-A-D-DE,20,0.5,1.5,3,Time_limit,0.49412725,600.1,507
SBF-A-D-DE,20,0.5,1.5,4,Time_limit,0.5890168,600.03,273
